ZL,error,Nseed,Nsample
-0.067441865474233,0.005225723569232104,2000.0,2000.0
