ZL,error,Nseed,Nsample
-0.22448322794003378,0.005891653900548684,2000.0,1999.0
