ZL,error,Nseed,Nsample
0.12461058039727516,0.005275182214916957,2000.0,2000.0
