ZL,error,Nseed,Nsample
0.1505020283197582,0.004787093445047625,2000.0,2000.0
