ZL,error,Nseed,Nsample
0.11055314826901252,0.004731213263270634,2000.0,2000.0
