ZL,error,Nseed,Nsample
0.13602664097474387,0.005166307365570197,2000.0,2000.0
