bulk_corr,error,tot_seed,sample
0.015557519996734142,7.09142948314996e-05,2000,256000
