bulk_corr,error,tot_seed,sample
0.02264254665551521,7.022882020217715e-05,2000,512000
