ZL,error,Nseed,Nsample
-0.0214475489510275,0.006521417959785145,2000.0,2000.0
