ZL,error,Nseed,Nsample
-0.307844843920711,0.0070755286730183435,2000.0,2000.0
