ZL,error,Nseed,Nsample
0.05743407492881462,0.004593002493771056,2000.0,2000.0
