ZL,error,Nseed,Nsample
-0.18906953689899644,0.006106572721537526,2000.0,2000.0
