ZL,error,Nseed,Nsample
-0.05304417456438068,0.005279268422692847,2000.0,2000.0
