bulk_corr,error,tot_seed,sample
0.05570123177316554,0.0002751802078952214,2000,128000
