bulk_corr,error,tot_seed,sample
0.042924759653368116,0.00024314945657658214,2000,128000
