bulk_corr,error,tot_seed,sample
0.0035583362958248564,2.350612730202066e-05,2000,512000
