bulk_corr,error,tot_seed,sample
0.257013082179709,0.0006440771918399281,2000,64000
