corr_etoe,error,Nseed,Nsample
0.018833592422569195,0.004421652994042941,1000,1000
