corr_etoe,error,Nseed,Nsample
0.1551895705624219,0.007807830622810589,3000,3000
