corr_etoe,error,Nseed,Nsample
0.07115077870390216,0.006482486096964639,2000,2000
