corr_etoe,error,Nseed,Nsample
0.3031564002285358,0.010525186967383977,3000,3000
