bulk_corr,error,tot_seed,sample
0.044656231646710245,0.00014840962139175514,2000,256000
