corr_etoe,error,Nseed,Nsample
0.37667915530133,0.06096270071056146,1000,1000
