corr_etoe,error,Nseed,Nsample
0.9566075784274488,0.06152404162495169,1000,1000
