bulk_corr,error,tot_seed,sample
0.0608076347443852,0.00016453175938620955,2000,256000
