bulk_corr,error,tot_seed,sample
0.022772530936183786,0.00014372149407918116,2000,256000
