corr_etoe,error,Nseed,Nsample
1.35572840751702,0.020937814961977948,2000,2000
