corr_etoe,error,Nseed,Nsample
1.5956502579016623,0.016064106451320594,2000,2000
