corr_etoe,error,Nseed,Nsample
0.918399865572537,0.025427112125647328,2000,2000
