ZL,error,Nseed,Nsample
-0.22275172675650035,0.010564681188339505,1000.0,1000.0
