ZL,error,Nseed,Nsample
0.2097868394562365,0.004994457190857414,2000.0,2000.0
