ZL,error,Nseed,Nsample
-0.03187835340489041,0.010677372756520741,1000.0,1000.0
