ZL,error,Nseed,Nsample
0.1292691893439023,0.006545285229251425,2000.0,2000.0
