ZL,error,Nseed,Nsample
0.007949324086463108,0.004709146639952474,2000.0,2000.0
