bulk_corr,error,tot_seed,sample
0.1980694945476655,0.0008812987780600273,2000,64000
