bulk_corr,error,tot_seed,sample
0.22185411203760172,0.0008817742270861189,2000,64000
