bulk_corr,error,tot_seed,sample
0.02665385435180841,0.00015294369819055895,2000,256000
