corr_etoe,error,Nseed,Nsample
0.7579470389905382,0.015912328269170252,2000,2000
