corr_etoe,error,Nseed,Nsample
0.5665882101190738,0.014573641989159019,2000,1833
