corr_etoe,error,Nseed,Nsample
0.4734118500226235,0.013099724492610293,2000,2000
