corr_etoe,error,Nseed,Nsample
0.18414156066978868,0.008782548957685234,2000,2000
