corr_etoe,error,Nseed,Nsample
0.30229548401331957,0.01070538006396988,2000,2000
