corr_etoe,error,Nseed,Nsample
0.09464226247281875,0.006216666185295125,2000,2000
