bulk_corr,error,tot_seed,sample
0.05406578347260858,0.00015804552192087804,2000,256000
