bulk_corr,error,tot_seed,sample
-6.428890824316487e-05,2.7554856444493583e-06,1500,384000
