ZL,error,Nseed,Nsample
0.2931352465321057,0.00464213859634733,2000.0,2000.0
