ZL,error,Nseed,Nsample
0.19369425090827624,0.008081783936116443,2000.0,2000.0
