ZL,error,Nseed,Nsample
0.27726324251419704,0.0063509673127634236,2000.0,2000.0
