ZL,error,Nseed,Nsample
0.03034535410312152,0.009221945029083875,2000.0,2000.0
