corr_etoe,error,Nseed,Nsample
0.4173198726046783,0.012093121550653178,2000,2000
