corr_etoe,error,Nseed,Nsample
0.5954627134711868,0.013450169537377212,2000,2000
