corr_etoe,error,Nseed,Nsample
0.24763929089021616,0.009883175870842293,2000,2000
