ZL,error,Nseed,Nsample
0.8269752738107519,0.002769165096935832,2000.0,2000.0
