ZL,error,Nseed,Nsample
0.7330259329200057,0.0025301894475355303,2000.0,2000.0
