ZL,error,Nseed,Nsample
0.8822142556717318,0.0038660057912895834,2000.0,2000.0
