bulk_corr,error,tot_seed,sample
0.004233424726640287,2.474646972073804e-05,2000,512000
