bulk_corr,error,tot_seed,sample
0.013552721287407135,5.41767348200067e-05,2000,256000
