corr_etoe,error,Nseed,Nsample
1.1501660636151854,0.014423882647727525,2000,2000
