corr_etoe,error,Nseed,Nsample
0.9955351681171726,0.01618655497739298,2000,2000
