bulk_corr,error,tot_seed,sample
0.11989549588533703,0.00035497417888582177,2000,128000
