bulk_corr,error,tot_seed,sample
0.11672945998556906,0.000355444070130436,2000,128000
