bulk_corr,error,tot_seed,sample
0.09130659009537806,0.0003880723964478729,2000,128000
