bulk_corr,error,tot_seed,sample
0.000883028653437938,2.808715391960458e-05,2000,256000
