ZL,error,Nseed,Nsample
0.11189070462179872,0.005716362505618304,2000.0,2000.0
