ZL,error,Nseed,Nsample
0.0946003211802014,0.005072622305699647,2000.0,2000.0
