ZL,error,Nseed,Nsample
0.1406644461655559,0.006190838189553332,2000.0,2000.0
