ZL,error,Nseed,Nsample
0.1590310342026901,0.006506635923039537,2000.0,2000.0
