corr_etoe,error,Nseed,Nsample
0.4736073862417312,0.014986183575174972,2000,2000
