corr_etoe,error,Nseed,Nsample
0.12307668419291892,0.009211895357265684,2000,2000
