corr_etoe,error,Nseed,Nsample
0.32041990862452635,0.013081022372380192,2000,2000
