ZL,error,Nseed,Nsample
0.002694466883353143,0.006654040892123978,2000.0,2000.0
