bulk_corr,error,tot_seed,sample
0.024403639652830943,0.00014335018494315298,2000,256000
