ZL,error,Nseed,Nsample
0.02166517076063808,0.003306242892752016,2000.0,2000.0
