ZL,error,Nseed,Nsample
-0.016949348627559684,0.0035818413913267324,2000.0,1998.0
