ZL,error,Nseed,Nsample
-0.0077053148634126396,0.003120083526206343,2000.0,2000.0
