ZL,error,Nseed,Nsample
0.009284927574715966,0.0032185350714884486,2000.0,2000.0
