bulk_corr,error,tot_seed,sample
0.015776518097498905,6.428537065263568e-05,2000,256000
