corr_etoe,error,Nseed,Nsample
0.24236504876797033,0.05681443868093968,400,400
