corr_etoe,error,Nseed,Nsample
0.718379767006589,0.027886082718717675,2000,2000
