corr_etoe,error,Nseed,Nsample
1.3883066342757329,0.021205488927064343,2000,2000
