ZL,error,Nseed,Nsample
0.9396618678618982,0.0004855045693975973,2000.0,2000.0
