ZL,error,Nseed,Nsample
0.828294564783835,0.0010104705572557006,2000.0,2000.0
