ZL,error,Nseed,Nsample
0.7262738710534252,0.0010773489958680552,2000.0,2000.0
