ZL,error,Nseed,Nsample
0.8940923037239558,0.000849187740540436,2000.0,2000.0
