ZL,error,Nseed,Nsample
-0.6877175650784958,0.004138432599139094,2000.0,2000.0
