ZL,error,Nseed,Nsample
-0.8354464049830215,0.006482330081862024,2000.0,2000.0
