ZL,error,Nseed,Nsample
-0.5112771304768495,0.003158219921201159,2000.0,2000.0
