ZL,error,Nseed,Nsample
-0.8007331982620919,0.004946966925847091,2000.0,2000.0
