ZL,error,Nseed,Nsample
0.7426677050845547,0.005466479967142798,2000.0,2000.0
