ZL,error,Nseed,Nsample
0.3156260652679091,0.004717524569911353,2000.0,2000.0
