ZL,error,Nseed,Nsample
0.48389198996225175,0.0048009346804127355,2000.0,2000.0
