ZL,error,Nseed,Nsample
0.6415840651668847,0.004663534431243396,2000.0,2000.0
