ZL,error,Nseed,Nsample
-0.03379147718831695,0.006324184554016676,2000.0,2000.0
