bulk_corr,error,tot_seed,sample
0.029425473431563254,0.00020708910618203716,2000,128000
