bulk_corr,error,tot_seed,sample
0.036569616300025795,0.00010563486410510672,2000,256016
