corr_etoe,error,Nseed,Nsample
0.9275327703242159,0.014587581580445527,2000,2000
