ZL,error,Nseed,Nsample
-0.017458095863791143,0.005131632213487987,2000.0,2000.0
