bulk_corr,error,tot_seed,sample
0.014275471324983807,6.428626249691671e-05,2000,512000
