bulk_corr,error,tot_seed,sample
0.07291342526754346,0.00020022812412120715,2000,128000
