bulk_corr,error,tot_seed,sample
0.0754000639099155,0.00039026761422886056,2000,128000
