ZL,error,Nseed,Nsample
0.15417678115503558,0.008767768667267566,2000.0,2000.0
