ZL,error,Nseed,Nsample
0.013046735629663091,0.010660404153640354,2000.0,2000.0
