ZL,error,Nseed,Nsample
0.26743240828283793,0.006187551871792323,2000.0,2000.0
