ZL,error,Nseed,Nsample
-0.1410983825523221,0.012028260161793557,2000.0,2000.0
