ZL,error,Nseed,Nsample
-0.21976219557049492,0.0134497186104253,2000.0,2000.0
