ZL,error,Nseed,Nsample
0.19839090174909527,0.0066324100710764946,2000.0,2000.0
