ZL,error,Nseed,Nsample
0.059427258809323924,0.009247627661576475,2000.0,2000.0
