ZL,error,Nseed,Nsample
-0.09575802205747846,0.011729483394792595,2000.0,2000.0
