bulk_corr,error,tot_seed,sample
0.060238733045492834,0.00018596569243093872,2000,128000
