ZL,error,Nseed,Nsample
-0.9021154761442711,0.002565912696465363,2000.0,2000.0
