ZL,error,Nseed,Nsample
-0.8304441691891832,0.002343665030357413,2000.0,2000.0
