ZL,error,Nseed,Nsample
-0.5220091315280422,0.0027082172269381035,2000.0,2000.0
