ZL,error,Nseed,Nsample
-0.7091645409396837,0.0025179439500378144,2000.0,2000.0
