bulk_corr,error,tot_seed,sample
0.14065982825024798,0.00036998773561048757,2000,128000
