bulk_corr,error,tot_seed,sample
0.004868576448529816,2.9427629746635154e-05,2000,512000
