bulk_corr,error,tot_seed,sample
0.049762164181670725,0.0002240554616115612,2000,128000
