bulk_corr,error,tot_seed,sample
0.023558123036229346,0.00015140775354259103,2000,256000
