bulk_corr,error,tot_seed,sample
0.020435736934888968,7.178015337595754e-05,2000,256000
