corr_etoe,error,Nseed,Nsample
0.30217353459754004,0.010535318629172747,3000,3000
