corr_etoe,error,Nseed,Nsample
0.015088277891024167,0.004920975166716583,1000,1000
