corr_etoe,error,Nseed,Nsample
0.077843168781666,0.006660113208087728,2000,2000
