corr_etoe,error,Nseed,Nsample
0.16648660483708472,0.007787643813326661,3000,3000
