bulk_corr,error,tot_seed,sample
0.028389141881698565,0.00016049736998383077,2000,256000
