bulk_corr,error,tot_seed,sample
0.006785000649884815,0.00010517289625547615,2000,128000
