corr_etoe,error,Nseed,Nsample
1.2414265526709405,0.024614384477934882,2000,2000
