corr_etoe,error,Nseed,Nsample
1.6275541881586464,0.02076530656418605,2000,2000
