corr_etoe,error,Nseed,Nsample
0.28383392848098726,0.010803088820519849,2000,2000
