corr_etoe,error,Nseed,Nsample
0.4848790175203455,0.013602999041113398,2000,2000
