corr_etoe,error,Nseed,Nsample
0.14714953642065468,0.007897906344569524,2000,2000
