corr_etoe,error,Nseed,Nsample
0.08038516135973905,0.005908251826953486,2000,2000
