bulk_corr,error,tot_seed,sample
0.010989931866382325,6.708530561830318e-05,2000,512000
