bulk_corr,error,tot_seed,sample
0.2079683362849119,0.0008805137659019111,2000,64000
