ZL,error,Nseed,Nsample
0.014494575981507291,0.003997919555901101,2000.0,2000.0
