bulk_corr,error,tot_seed,sample
0.11756586795327613,0.0004562513021088727,2000,64000
