ZL,error,Nseed,Nsample
0.8709081996600074,0.0017453219436681824,2000.0,2000.0
