ZL,error,Nseed,Nsample
0.7899040463754721,0.001206679118462591,2000.0,2000.0
