ZL,error,Nseed,Nsample
0.6677735650867934,0.0013799819362601505,2000.0,2000.0
