ZL,error,Nseed,Nsample
0.9253981255115258,0.0017701902634042,2000.0,2000.0
