corr_etoe,error,Nseed,Nsample
0.4352416736706126,0.02201509727597458,2000,2000
