corr_etoe,error,Nseed,Nsample
1.321216746346486,0.013716004524965719,2000,2000
