corr_etoe,error,Nseed,Nsample
0.9731334913107461,0.020100694699045213,2000,2000
