bulk_corr,error,tot_seed,sample
0.006497793784616879,3.20463612257865e-05,2000,512000
