bulk_corr,error,tot_seed,sample
0.20455718695268235,0.0008758620708517819,2000,64000
