ZL,error,Nseed,Nsample
-0.06512582421796939,0.005591302671827651,2000.0,2000.0
