bulk_corr,error,tot_seed,sample
0.005147620109181566,5.5707392560421934e-05,2000,512000
