bulk_corr,error,tot_seed,sample
0.021295596308642056,0.00014519322333129807,2000,256000
