ZL,error,Nseed,Nsample
-0.07900085572026887,0.009631591456561442,2000.0,2000.0
