ZL,error,Nseed,Nsample
-0.28989083355630446,0.010152560909449911,2000.0,2000.0
