ZL,error,Nseed,Nsample
-0.01398210726108834,0.005177525503439871,2000.0,2000.0
