ZL,error,Nseed,Nsample
0.06896203874557151,0.004581739630834038,2000.0,2000.0
