ZL,error,Nseed,Nsample
0.11634546367852916,0.004024903094421387,2000.0,2000.0
