ZL,error,Nseed,Nsample
-0.10129196961702655,0.005747622518139988,2000.0,2000.0
