ZL,error,Nseed,Nsample
-0.05555792460648045,0.006658887210996837,2000.0,2000.0
