bulk_corr,error,tot_seed,sample
0.07132256622867704,0.00038438035764034315,2000,128000
