corr_etoe,error,Nseed,Nsample
1.3792483625368046,0.016518908277441034,2000,2000
