corr_etoe,error,Nseed,Nsample
0.829075705036159,0.02420858486025846,2000,2000
