corr_etoe,error,Nseed,Nsample
1.4681805009999913,0.02655065475067677,2000,2000
