corr_etoe,error,Nseed,Nsample
1.8080442957661567,0.021127812249831186,2000,2000
