bulk_corr,error,tot_seed,sample
0.023829076552905795,0.00013366402894607413,2000,256000
