corr_etoe,error,Nseed,Nsample
0.35456153262489065,0.014830288256663661,2000,2000
