corr_etoe,error,Nseed,Nsample
0.5899915694636766,0.01777770658102339,2000,2000
