ZL,error,Nseed,Nsample
-0.7722463304128847,0.011053006800251758,1000.0,1000.0
