ZL,error,Nseed,Nsample
-0.44179951939272244,0.004422612821232414,2000.0,2000.0
