ZL,error,Nseed,Nsample
-0.6345796976890538,0.0045010970620342865,2000.0,2000.0
