ZL,error,Nseed,Nsample
-0.7432636766688007,0.008621013254772377,1000.0,1000.0
