bulk_corr,error,tot_seed,sample
0.00484434379910958,2.5201928538353514e-05,2000,512000
