bulk_corr,error,tot_seed,sample
0.06213139148314989,0.00020459895930559547,2000,128000
