bulk_corr,error,tot_seed,sample
0.08145192534783459,0.00037349356462126323,2000,128000
