bulk_corr,error,tot_seed,sample
0.006652765317274702,5.6427093660794595e-05,2000,512000
