bulk_corr,error,tot_seed,sample
0.09084106521929222,0.00039482441369453636,2000,128000
