ZL,error,Nseed,Nsample
-0.35922691152027975,0.009463180415679574,1000.0,1000.0
