ZL,error,Nseed,Nsample
0.0484664969678764,0.006075508859275635,2000.0,2000.0
