ZL,error,Nseed,Nsample
-0.5308844634236172,0.010224115296188874,1000.0,1000.0
