ZL,error,Nseed,Nsample
-0.15136618902561988,0.006751392071449759,2000.0,2000.0
