ZL,error,Nseed,Nsample
-0.003548973097697175,0.0033505405340569718,2000.0,2000.0
