ZL,error,Nseed,Nsample
0.014486612132130216,0.003371643210573344,2000.0,2000.0
