ZL,error,Nseed,Nsample
0.03382277606991468,0.0034775979303809895,2000.0,2000.0
