ZL,error,Nseed,Nsample
-0.0345473525912147,0.0038714651797787597,2000.0,2000.0
