bulk_corr,error,tot_seed,sample
0.24041865990065545,0.0008590432867108493,2000,64000
