corr_etoe,error,Nseed,Nsample
0.09726339746180117,0.010674192329501243,2000,1100
