corr_etoe,error,Nseed,Nsample
0.027334410607614813,0.005160502077352333,2000,1245
