ZL,error,Nseed,Nsample
0.5286315205353661,0.009068663546123354,2000.0,2000.0
