ZL,error,Nseed,Nsample
0.5247309479429303,0.007413288780944287,2000.0,2000.0
