ZL,error,Nseed,Nsample
0.4362744211646051,0.004177139477337609,2000.0,2000.0
