ZL,error,Nseed,Nsample
0.49800927828824476,0.005834303110401043,2000.0,2000.0
