bulk_corr,error,tot_seed,sample
0.030203845550688134,0.00016240702332150845,2000,256000
