bulk_corr,error,tot_seed,sample
0.0031065862585059867,2.148864321931031e-05,2000,512000
