ZL,error,Nseed,Nsample
0.7650997974095242,0.004707220630306881,2000.0,2000.0
