ZL,error,Nseed,Nsample
0.6573180660292728,0.004447542201861102,2000.0,2000.0
