ZL,error,Nseed,Nsample
0.506988916891432,0.004664316491180547,2000.0,2000.0
