ZL,error,Nseed,Nsample
0.3645333490149323,0.004645032668329445,2000.0,2000.0
