bulk_corr,error,tot_seed,sample
0.16752235542423063,0.0003491550498921676,2000,64000
