bulk_corr,error,tot_seed,sample
0.03950046436679569,0.00014531083764417576,2000,128000
