corr_etoe,error,Nseed,Nsample
0.3144391969153919,0.01082272451492692,2000,2000
