corr_etoe,error,Nseed,Nsample
0.4712793208284482,0.012372994309428202,2000,2000
