corr_etoe,error,Nseed,Nsample
0.6438315782734219,0.01473613912674389,2000,2000
