corr_etoe,error,Nseed,Nsample
0.1961938859009197,0.008943549213109244,2000,2000
