corr_etoe,error,Nseed,Nsample
0.8724784050276425,0.015328335514073876,2000,2000
