ZL,error,Nseed,Nsample
0.6110968217530179,0.007193157195751697,2000.0,1976.0
