ZL,error,Nseed,Nsample
0.38125203781236716,0.0038780256773167264,2000.0,2000.0
