ZL,error,Nseed,Nsample
0.5773146692161845,0.005205962393262608,2000.0,2000.0
