ZL,error,Nseed,Nsample
0.4797007095499813,0.004603823656099899,2000.0,2000.0
