corr_etoe,error,Nseed,Nsample
1.28949827695056,0.02220089276854571,2000,2000
