corr_etoe,error,Nseed,Nsample
1.557601371381261,0.019282215101220197,2000,2000
