ZL,error,Nseed,Nsample
0.04686678738267773,0.004096743160207245,2000.0,2000.0
