ZL,error,Nseed,Nsample
0.03946066958011983,0.003913711271592026,2000.0,2000.0
