ZL,error,Nseed,Nsample
0.03951754101847726,0.004109682603193091,2000.0,2000.0
