ZL,error,Nseed,Nsample
0.012856208908918145,0.003675574146748976,2000.0,2000.0
