ZL,error,Nseed,Nsample
-0.6284462868826248,0.00566658391116868,2000.0,2000.0
