ZL,error,Nseed,Nsample
-0.4473960624331828,0.005504282896771006,2000.0,2000.0
