ZL,error,Nseed,Nsample
-0.19897499259927454,0.005832782646600147,2000.0,2000.0
