ZL,error,Nseed,Nsample
-0.7094674648900586,0.007225867682855697,2000.0,2000.0
