corr_etoe,error,Nseed,Nsample
0.2175660376839864,0.009060079656049711,2000,2000
