corr_etoe,error,Nseed,Nsample
0.0936999894300717,0.006059821394625361,2000,2000
