corr_etoe,error,Nseed,Nsample
0.507440576219633,0.013130818943957748,2000,2000
