corr_etoe,error,Nseed,Nsample
0.31392863719882663,0.010740897521770959,2000,2000
