bulk_corr,error,tot_seed,sample
0.20556757713490806,0.0008665104054052619,2000,64000
