bulk_corr,error,tot_seed,sample
0.005276711096200064,5.464668557584296e-05,2000,511744
