bulk_corr,error,tot_seed,sample
0.020063412622520184,8.841688820873454e-05,2000,256000
