ZL,error,Nseed,Nsample
-0.6446377937524942,0.008430832515846086,2000.0,2000.0
