ZL,error,Nseed,Nsample
-0.43162186141047193,0.0054994982719317855,2000.0,2000.0
