ZL,error,Nseed,Nsample
-0.5854764421920374,0.006235833682907321,2000.0,2000.0
