ZL,error,Nseed,Nsample
-0.21896463339502487,0.005628742241474745,2000.0,2000.0
