bulk_corr,error,tot_seed,sample
0.19987904983067276,0.0008853691999973483,2000,64000
