corr_etoe,error,Nseed,Nsample
1.293355395454672,0.02261779770612917,2000,2000
