corr_etoe,error,Nseed,Nsample
1.5439550129605282,0.01896554735105707,2000,2000
