ZL,error,Nseed,Nsample
0.16793721578395893,0.005170405909201201,2000.0,2000.0
