ZL,error,Nseed,Nsample
0.1581016288284664,0.004393522854807354,2000.0,2000.0
