ZL,error,Nseed,Nsample
0.18044607392037826,0.00471630725326601,2000.0,2000.0
