bulk_corr,error,tot_seed,sample
0.01734907619180417,6.56789611779527e-05,2000,256000
