ZL,error,Nseed,Nsample
0.00933082463419922,0.003407292331865011,2000.0,2000.0
