ZL,error,Nseed,Nsample
-0.007202242939831929,0.0031368959784587084,2000.0,2000.0
