ZL,error,Nseed,Nsample
0.007333589839594514,0.003242796196071827,2000.0,2000.0
