ZL,error,Nseed,Nsample
-0.0038570531028298224,0.0033743821361370933,2000.0,1999.0
