ZL,error,Nseed,Nsample
0.03815244707790066,0.005136568733905205,2000.0,2000.0
