bulk_corr,error,tot_seed,sample
0.008113767964940536,6.240552654116822e-05,2000,512000
