corr_etoe,error,Nseed,Nsample
0.04381381764658751,0.004665314736293907,2000,2000
