corr_etoe,error,Nseed,Nsample
0.2035618084420152,0.01023748373777599,2000,2000
