corr_etoe,error,Nseed,Nsample
0.35240378316237636,0.012671451051599055,2000,2000
