corr_etoe,error,Nseed,Nsample
0.08434312259440603,0.006645539414458263,2000,2000
