bulk_corr,error,tot_seed,sample
0.1944330158664457,0.0008728807963398441,2000,64000
