corr_etoe,error,Nseed,Nsample
0.41068465848434405,0.030686532931747373,2000,2000
