corr_etoe,error,Nseed,Nsample
0.7220601202402265,0.031666566485552515,2000,2000
