corr_etoe,error,Nseed,Nsample
1.4863847516385078,0.026090394725681337,2000,2000
