bulk_corr,error,tot_seed,sample
0.07067435903434309,0.0003619212010639533,2000,128000
