bulk_corr,error,tot_seed,sample
0.10386776671815924,0.0004374271113640029,2000,64000
