bulk_corr,error,tot_seed,sample
0.010886256661620044,4.916299621997051e-05,2000,256000
