ZL,error,Nseed,Nsample
-0.024322534426867215,0.003943470835216243,2000.0,2000.0
