ZL,error,Nseed,Nsample
0.010409593934300753,0.0036143024322181317,2000.0,2000.0
