ZL,error,Nseed,Nsample
0.03625094807087326,0.003550808022749126,2000.0,2000.0
