bulk_corr,error,tot_seed,sample
0.012297301195009498,7.540900546827729e-05,1000,128000
