ZL,error,Nseed,Nsample
0.1653226469357566,0.005349609274863688,2000.0,2000.0
