ZL,error,Nseed,Nsample
0.09812798645871412,0.005941651861600384,2000.0,2000.0
