ZL,error,Nseed,Nsample
0.18609284208428478,0.004726410005955327,2000.0,2000.0
