bulk_corr,error,tot_seed,sample
0.07023644668317512,0.0003852733040270994,2000,128000
