corr_etoe,error,Nseed,Nsample
1.1500494544723983,0.025701457216572656,2000,2000
