corr_etoe,error,Nseed,Nsample
1.488922783318804,0.02207544913087919,2000,2000
