corr_etoe,error,Nseed,Nsample
1.7644095905638082,0.017235006336520753,2000,2000
