corr_etoe,error,Nseed,Nsample
1.0931365618598488,0.01588786485423616,2000,2000
