corr_etoe,error,Nseed,Nsample
0.9173327336725096,0.016452446534972017,2000,2000
