corr_etoe,error,Nseed,Nsample
0.7052361223331749,0.016938029782338545,2000,2000
