bulk_corr,error,tot_seed,sample
0.023948522184994707,0.00014555337484355586,2000,252288
