bulk_corr,error,tot_seed,sample
0.10831850662521654,0.00034332198356499963,2000,128000
