ZL,error,Nseed,Nsample
-0.0042717124114130265,0.0035502567363914442,2000.0,2000.0
