ZL,error,Nseed,Nsample
-0.04100770075921251,0.0036109456408219267,2000.0,2000.0
