ZL,error,Nseed,Nsample
-0.02834172141949099,0.0035999300336192466,2000.0,2000.0
