ZL,error,Nseed,Nsample
0.02926826429506089,0.003915005861733496,2000.0,2000.0
