ZL,error,Nseed,Nsample
-0.03868426909644653,0.005165223723272511,2000.0,2000.0
