ZL,error,Nseed,Nsample
-0.032402707192621207,0.004169655845819441,2000.0,1943.0
