ZL,error,Nseed,Nsample
0.006935881631840674,0.00303700103096735,2000.0,2000.0
