ZL,error,Nseed,Nsample
-0.012677139567828602,0.003283609117017523,2000.0,2000.0
