ZL,error,Nseed,Nsample
-0.03100635541128327,0.0037309389689639243,2000.0,1984.0
