corr_etoe,error,Nseed,Nsample
0.3620955460931184,0.013195418218715532,2000,2000
