corr_etoe,error,Nseed,Nsample
0.04049941199538216,0.0049237901399027135,2000,2000
