corr_etoe,error,Nseed,Nsample
0.10150329331238728,0.006905842982069238,2000,2000
