bulk_corr,error,tot_seed,sample
0.0066139714422696295,4.899540170779225e-05,2000,256000
