bulk_corr,error,tot_seed,sample
0.019229055005025537,0.00013137248365460914,2000,256000
