bulk_corr,error,tot_seed,sample
0.07621289142790226,0.0002638686638763711,2000,128000
