corr_etoe,error,Nseed,Nsample
1.3506436594529676,0.017524628536030384,2000,2000
