corr_etoe,error,Nseed,Nsample
0.8618934269386213,0.02013520507904736,2000,2000
