corr_etoe,error,Nseed,Nsample
1.205656025638217,0.017989465386669297,2000,2000
