corr_etoe,error,Nseed,Nsample
0.10737063933985448,0.007346902377579301,2000,2000
