corr_etoe,error,Nseed,Nsample
0.3983928764813768,0.013299764254477072,2000,2000
