corr_etoe,error,Nseed,Nsample
0.04120385655535987,0.004681510386347726,2000,2000
