corr_etoe,error,Nseed,Nsample
0.21709019893702086,0.010049787502696498,2000,2000
