corr_etoe,error,Nseed,Nsample
0.0004220097626331617,0.015006164393492205,2000,2000
