corr_etoe,error,Nseed,Nsample
0.5439803904890442,0.047662972625364494,2000,2000
