corr_etoe,error,Nseed,Nsample
0.29320241802849284,0.049694812754007854,2000,2000
