bulk_corr,error,tot_seed,sample
0.04700614469392378,0.00016521456445383172,2000,256000
