bulk_corr,error,tot_seed,sample
0.0642729257654171,0.0001681828762112059,2000,256000
