bulk_corr,error,tot_seed,sample
0.02040372268189086,0.00010734028316400777,2000,256000
