ZL,error,Nseed,Nsample
-0.000980135875887072,0.003621616568182797,2000.0,1941.0
