ZL,error,Nseed,Nsample
0.004500077646463543,0.0028774293524292697,2000.0,2000.0
