ZL,error,Nseed,Nsample
-0.006970761808392814,0.0029043753654463345,2000.0,2000.0
