ZL,error,Nseed,Nsample
-0.00820267540780837,0.003336024598961924,2000.0,1981.0
