bulk_corr,error,tot_seed,sample
0.004452315314700808,3.586982021653933e-05,2000,512000
