ZL,error,Nseed,Nsample
0.15099933331288182,0.009155013303134308,2000.0,2000.0
