bulk_corr,error,tot_seed,sample
0.026607537030230118,0.0001607613851755659,2000,256000
