ZL,error,Nseed,Nsample
-0.0007594916680559239,0.0034507605704328544,2000.0,2000.0
