ZL,error,Nseed,Nsample
0.004163993659534159,0.003656864784553783,2000.0,2000.0
