ZL,error,Nseed,Nsample
0.0018023819487435306,0.003281957121282462,2000.0,2000.0
