ZL,error,Nseed,Nsample
-0.0017515690412033822,0.0032425163303357457,2000.0,2000.0
