bulk_corr,error,tot_seed,sample
0.07374299991320546,0.00019543226230762752,2000,128000
