bulk_corr,error,tot_seed,sample
0.02101890554093104,6.76535411385195e-05,2000,512000
