ZL,error,Nseed,Nsample
-0.6683633846462183,0.008530483994597072,2000.0,2000.0
