ZL,error,Nseed,Nsample
-0.4296079460517572,0.006311566773287289,2000.0,2000.0
