ZL,error,Nseed,Nsample
-0.5885804777603401,0.0076338574719962025,2000.0,2000.0
