ZL,error,Nseed,Nsample
-0.16823380753947642,0.006112453851973863,2000.0,2000.0
