corr_etoe,error,Nseed,Nsample
0.04554732430645397,0.005637285936323765,2000,2000
