corr_etoe,error,Nseed,Nsample
0.11589239090477611,0.0073237670335888905,3000,3000
