corr_etoe,error,Nseed,Nsample
0.23934761913405717,0.01022824756865712,3000,3000
