bulk_corr,error,tot_seed,sample
0.03775157407115266,0.00013894540261013432,2000,256000
