ZL,error,Nseed,Nsample
-0.040222641021825774,0.0040155396087268565,2000.0,2000.0
