ZL,error,Nseed,Nsample
0.0005869854061241399,0.003220803739911417,2000.0,2000.0
