ZL,error,Nseed,Nsample
0.02066786750124205,0.003161544469932028,2000.0,2000.0
