ZL,error,Nseed,Nsample
-0.021360083540004873,0.0034462874237631987,2000.0,2000.0
