bulk_corr,error,tot_seed,sample
0.016897092973275265,8.880177920083732e-05,1000,256000
