corr_etoe,error,Nseed,Nsample
0.2794526262904867,0.01025254071548369,3000,3000
