corr_etoe,error,Nseed,Nsample
0.05492572533210785,0.0055692725013449604,2000,2000
