corr_etoe,error,Nseed,Nsample
0.013356023486884899,0.003646931891979252,1000,999
