corr_etoe,error,Nseed,Nsample
0.15043097120917986,0.007597983633943548,3000,3000
