ZL,error,Nseed,Nsample
0.02212768732163242,0.0035611820686344314,2000.0,2000.0
