ZL,error,Nseed,Nsample
-0.005294081069904691,0.0033747286645510245,2000.0,2000.0
