ZL,error,Nseed,Nsample
0.009780017584857519,0.0035239883399166986,2000.0,2000.0
