ZL,error,Nseed,Nsample
-0.07514960648520527,0.004668183667928101,2000.0,2000.0
