ZL,error,Nseed,Nsample
-0.12699127560966125,0.005490306299373589,2000.0,1998.0
