ZL,error,Nseed,Nsample
-0.017320708744553992,0.003941366945448376,2000.0,2000.0
