ZL,error,Nseed,Nsample
0.034601327102069514,0.003598662991489061,2000.0,2000.0
