ZL,error,Nseed,Nsample
0.024640296966390536,0.0035729817653456565,2000.0,2000.0
