ZL,error,Nseed,Nsample
-0.03726422508693027,0.00395553994238038,2000.0,2000.0
