ZL,error,Nseed,Nsample
-0.0024458100697871605,0.0034699788562571115,2000.0,2000.0
