ZL,error,Nseed,Nsample
-0.4588501485283846,0.008096012877635776,2000.0,2000.0
