ZL,error,Nseed,Nsample
-0.04939884498382253,0.007728139764020242,2000.0,2000.0
