ZL,error,Nseed,Nsample
-0.27125574480624776,0.008055157588864064,2000.0,2000.0
