ZL,error,Nseed,Nsample
0.12300791362537628,0.006373657888527198,2000.0,2000.0
