bulk_corr,error,tot_seed,sample
0.07758216185244454,0.0003708638081238054,2000,128000
