bulk_corr,error,tot_seed,sample
0.08695603026065937,0.0003974733988363192,2000,128000
