bulk_corr,error,tot_seed,sample
0.2316250928874503,0.00045032910791110645,2000,64000
