bulk_corr,error,tot_seed,sample
0.2508380252182701,0.0007660209034968269,2000,64000
