ZL,error,Nseed,Nsample
0.05410571986679193,0.0040422756100747985,2000.0,2000.0
