ZL,error,Nseed,Nsample
0.005203469624641979,0.00439162039429826,2000.0,2000.0
