ZL,error,Nseed,Nsample
-0.061263648011727075,0.004619668768429882,2000.0,2000.0
