bulk_corr,error,tot_seed,sample
0.042631355852528044,0.00014536682287086665,2000,256000
