corr_etoe,error,Nseed,Nsample
0.2454122186124634,0.00991589433655705,3000,3000
