corr_etoe,error,Nseed,Nsample
0.04495128065693757,0.00586536854053635,2000,1999
