corr_etoe,error,Nseed,Nsample
0.13465832067346004,0.007732644730291071,3000,3000
