ZL,error,Nseed,Nsample
0.026864881468860364,0.003431458924017291,2000.0,2000.0
