ZL,error,Nseed,Nsample
-0.03242492773058928,0.003939329532692549,2000.0,2000.0
