ZL,error,Nseed,Nsample
-0.003659131198433949,0.003645087157729749,2000.0,2000.0
