ZL,error,Nseed,Nsample
0.008733012188972634,0.004904106297879207,2000.0,2000.0
