bulk_corr,error,tot_seed,sample
0.022235124619424375,9.104681999639111e-05,2000,256000
