ZL,error,Nseed,Nsample
0.017344410442087406,0.004292544755895839,2000.0,2000.0
