ZL,error,Nseed,Nsample
-0.049450814812281425,0.004735396225364487,2000.0,2000.0
