ZL,error,Nseed,Nsample
0.06500169959772892,0.00405655383793119,2000.0,2000.0
