ZL,error,Nseed,Nsample
-0.6207818063111264,0.005829288087309025,2000.0,2000.0
