ZL,error,Nseed,Nsample
-0.21187669597139316,0.00579470353168278,2000.0,2000.0
