ZL,error,Nseed,Nsample
-0.4533959367313709,0.005442467118879933,2000.0,2000.0
