ZL,error,Nseed,Nsample
-0.7071120459121605,0.00732776429830142,2000.0,2000.0
