bulk_corr,error,tot_seed,sample
0.04932470081134463,0.00014784308080294754,2000,128000
