ZL,error,Nseed,Nsample
0.9377596176027531,0.0003844273912069953,2000.0,2000.0
