ZL,error,Nseed,Nsample
0.8156939646784805,0.0009681608589489068,2000.0,2000.0
