ZL,error,Nseed,Nsample
0.890057892165436,0.0006007421096872564,2000.0,2000.0
