ZL,error,Nseed,Nsample
0.7065471738751176,0.001015814456034155,2000.0,2000.0
