corr_etoe,error,Nseed,Nsample
0.0861338529950653,0.006025311148123644,2000,2000
