corr_etoe,error,Nseed,Nsample
0.1565707074404346,0.007856024690483148,2000,2000
