corr_etoe,error,Nseed,Nsample
0.4814212583512701,0.01326139978636424,2000,2000
