corr_etoe,error,Nseed,Nsample
0.3040142389165465,0.010966150056926546,2000,2000
