corr_etoe,error,Nseed,Nsample
0.08558707429293334,0.008579220971546586,1000,1000
