bulk_corr,error,tot_seed,sample
0.006173830336926305,3.22943242500923e-05,2000,512000
