corr_etoe,error,Nseed,Nsample
0.8773454376254852,0.020420308103327272,2000,2000
