corr_etoe,error,Nseed,Nsample
1.3634786308916145,0.017204423759570008,2000,2000
