corr_etoe,error,Nseed,Nsample
1.2158612468953511,0.018587257715361877,2000,2000
