bulk_corr,error,tot_seed,sample
0.042780117986674256,0.0001455873744627,2000,128000
