bulk_corr,error,tot_seed,sample
0.1410252261499052,0.0003636147918341809,2000,128000
