ZL,error,Nseed,Nsample
-0.003394066195289008,0.003303776843031391,2000.0,2000.0
