ZL,error,Nseed,Nsample
0.019670992009640335,0.003442861823369114,2000.0,2000.0
