ZL,error,Nseed,Nsample
0.0007287075877523269,0.0033294545993512704,2000.0,2000.0
