ZL,error,Nseed,Nsample
0.020735403276183756,0.0037069090641450053,2000.0,2000.0
