bulk_corr,error,tot_seed,sample
0.026337864401521967,0.0001192815491165814,2000,256000
