bulk_corr,error,tot_seed,sample
0.01737290108014727,8.809751877346404e-05,1000,128000
