corr_etoe,error,Nseed,Nsample
0.45292824649460917,0.014578385683939928,2000,2000
