corr_etoe,error,Nseed,Nsample
0.29749358632995243,0.012325682256226118,2000,2000
