corr_etoe,error,Nseed,Nsample
0.14345320756275648,0.009318395151666123,2000,2000
