bulk_corr,error,tot_seed,sample
0.0018080261956559414,1.5442534220766103e-05,2000,512000
