bulk_corr,error,tot_seed,sample
0.05308360290441926,0.00018058031098894416,2000,128000
