bulk_corr,error,tot_seed,sample
0.022875462044156417,0.00015126880480502222,2000,256000
