bulk_corr,error,tot_seed,sample
0.003847500452863467,5.165530623355739e-05,2000,512000
