ZL,error,Nseed,Nsample
0.0013974398107847522,0.003653926579752114,2000.0,2000.0
