ZL,error,Nseed,Nsample
-0.026430175030142215,0.0040124399139045384,2000.0,1999.0
