ZL,error,Nseed,Nsample
0.03297575107500588,0.003695030436949012,2000.0,2000.0
