bulk_corr,error,tot_seed,sample
0.03507420180155001,0.00022081085451935336,2000,128000
