corr_etoe,error,Nseed,Nsample
0.7659444673744834,0.012957297211423396,2000,2000
