ZL,error,Nseed,Nsample
0.0010898008754762496,0.003139865323545962,2000.0,2000.0
