ZL,error,Nseed,Nsample
7.765606324890029e-05,0.0034179831612244846,2000.0,1965.0
