ZL,error,Nseed,Nsample
0.0036766969768518955,0.002947035154656455,2000.0,1999.0
