ZL,error,Nseed,Nsample
0.0023879207783376074,0.0031401758823074283,2000.0,2000.0
