corr_etoe,error,Nseed,Nsample
0.01796277391916861,0.004232958040986014,1000,999
