corr_etoe,error,Nseed,Nsample
0.07142989904314924,0.006391983727621882,2000,2000
