corr_etoe,error,Nseed,Nsample
0.176942525280302,0.008271658567862656,3000,3000
