corr_etoe,error,Nseed,Nsample
0.32160757518932553,0.010580521893663241,3000,3000
