bulk_corr,error,tot_seed,sample
0.001629220084613722,1.3456782347074563e-05,2000,512000
