bulk_corr,error,tot_seed,sample
0.08726523474637657,0.00032358084372107956,2000,128000
