corr_etoe,error,Nseed,Nsample
1.6533975258666125,0.022663080485186126,2000,2000
