corr_etoe,error,Nseed,Nsample
1.1590269413303858,0.026131881274742006,2000,2000
