ZL,error,Nseed,Nsample
0.45744197576219126,0.006051418459079782,2000.0,2000.0
