ZL,error,Nseed,Nsample
0.34182492253815827,0.005628566734644719,2000.0,2000.0
