ZL,error,Nseed,Nsample
0.2484575377795655,0.004930685925913896,2000.0,2000.0
