ZL,error,Nseed,Nsample
0.543219589925884,0.006718899292835261,2000.0,2000.0
