bulk_corr,error,tot_seed,sample
0.08803331819569549,0.00026769387174188056,2000,128000
