bulk_corr,error,tot_seed,sample
0.06155951666188169,0.00016640600287125482,2000,256000
