ZL,error,Nseed,Nsample
0.020134951065877565,0.0036094187046440173,2000.0,2000.0
