ZL,error,Nseed,Nsample
0.04633645937448626,0.003753098511198173,2000.0,2000.0
