ZL,error,Nseed,Nsample
-0.018684477958909165,0.003959355443720108,2000.0,2000.0
