ZL,error,Nseed,Nsample
0.17444639250471997,0.005217685598149507,2000.0,2000.0
