ZL,error,Nseed,Nsample
0.10530366300017564,0.005872513812622855,2000.0,2000.0
