ZL,error,Nseed,Nsample
0.17772025938834585,0.004826696810518728,2000.0,2000.0
