ZL,error,Nseed,Nsample
0.15918404901371386,0.004335186298161997,2000.0,2000.0
