ZL,error,Nseed,Nsample
0.5392358616333236,0.009517357628026347,2000.0,2000.0
