ZL,error,Nseed,Nsample
0.04943742861698217,0.0067527956127090396,2000.0,2000.0
