ZL,error,Nseed,Nsample
-0.157466426152362,0.008346731073342951,2000.0,2000.0
