ZL,error,Nseed,Nsample
-0.4957805085502422,0.008014136936991706,2000.0,2000.0
