ZL,error,Nseed,Nsample
-0.3953605240289358,0.006262479915976065,2000.0,2000.0
