ZL,error,Nseed,Nsample
-0.04669345655503795,0.005666725204867205,2000.0,2000.0
