ZL,error,Nseed,Nsample
-0.21749320949549736,0.00610152436001674,2000.0,2000.0
