bulk_corr,error,tot_seed,sample
0.028450446771576512,0.00016124123936995835,2000,256000
