bulk_corr,error,tot_seed,sample
-0.0003062847292837801,1.5084165547887195e-05,2000,256000
