bulk_corr,error,tot_seed,sample
0.03697350404824624,0.00016990883925689662,2000,256000
