bulk_corr,error,tot_seed,sample
0.07986163534923076,0.0003803244634243033,2000,128000
