bulk_corr,error,tot_seed,sample
0.07322048651915423,0.0003706426158739045,2000,128000
