ZL,error,Nseed,Nsample
-0.02929695080909326,0.00653032107023192,2000.0,2000.0
