ZL,error,Nseed,Nsample
0.10269908762745772,0.006053484401451275,2000.0,2000.0
