ZL,error,Nseed,Nsample
0.20019128185846427,0.004121230380121893,2000.0,2000.0
