ZL,error,Nseed,Nsample
0.17606316518486867,0.0051616298942287935,2000.0,2000.0
