ZL,error,Nseed,Nsample
-0.015065020802387159,0.0036990782856814327,2000.0,1988.0
