ZL,error,Nseed,Nsample
0.0031402494757738057,0.003046847002908315,2000.0,2000.0
