ZL,error,Nseed,Nsample
-0.012388908184381086,0.0032425579698196648,2000.0,1996.0
