ZL,error,Nseed,Nsample
0.0003551026673962557,0.0030969665105148947,2000.0,2000.0
