ZL,error,Nseed,Nsample
0.1136685933037194,0.007860170040933898,1000.0,1000.0
