ZL,error,Nseed,Nsample
0.13680385473895434,0.004531865142483375,2000.0,2000.0
