ZL,error,Nseed,Nsample
0.1583357109175467,0.004879643786636308,2000.0,2000.0
