ZL,error,Nseed,Nsample
0.1608143958700796,0.0071472982443422485,1000.0,1000.0
