bulk_corr,error,tot_seed,sample
0.08733917615120053,0.0003939739847645867,2000,128000
