ZL,error,Nseed,Nsample
0.020331320414417514,0.003544672438010159,2000.0,2000.0
