ZL,error,Nseed,Nsample
0.0018176700212297343,0.0033334245450643367,2000.0,2000.0
