ZL,error,Nseed,Nsample
-0.008609261656044639,0.0033475706319887433,2000.0,2000.0
