bulk_corr,error,tot_seed,sample
0.0019609998179574407,2.013329851837231e-05,2000,512000
