corr_etoe,error,Nseed,Nsample
0.051262658768240696,0.005540590425791513,2000,2000
