corr_etoe,error,Nseed,Nsample
0.14847496321702966,0.00784439952660952,3000,3000
