corr_etoe,error,Nseed,Nsample
0.012286390884791965,0.005211551499149853,1000,998
