corr_etoe,error,Nseed,Nsample
0.2941855201381466,0.010868578070153208,3000,3000
