ZL,error,Nseed,Nsample
0.5757042342195471,0.011387051794065932,2000.0,2000.0
