ZL,error,Nseed,Nsample
0.4909431140697951,0.004253442702650201,2000.0,2000.0
