ZL,error,Nseed,Nsample
0.5980341422741743,0.008647971338863162,2000.0,2000.0
