ZL,error,Nseed,Nsample
0.5573002717224614,0.006498415341056648,2000.0,2000.0
