bulk_corr,error,tot_seed,sample
0.035304815417352725,0.00013502074120595357,2000,256000
