ZL,error,Nseed,Nsample
-0.010254829912345805,0.003456462131834811,2000.0,2000.0
