ZL,error,Nseed,Nsample
-0.007873959266571806,0.0031450192839675437,2000.0,2000.0
