ZL,error,Nseed,Nsample
0.15126567667558227,0.013220836377657757,2000.0,2000.0
