ZL,error,Nseed,Nsample
0.346400590943398,0.005941543673039312,2000.0,2000.0
