ZL,error,Nseed,Nsample
0.3144445152655941,0.008544306607676756,2000.0,2000.0
