ZL,error,Nseed,Nsample
0.23218172137714396,0.011014972389373646,2000.0,2000.0
