bulk_corr,error,tot_seed,sample
0.13442879141971667,0.00036719964954705104,2000,128000
