corr_etoe,error,Nseed,Nsample
0.48078040358523805,0.014142154478367273,2000,2000
