corr_etoe,error,Nseed,Nsample
0.3111275429084633,0.012378663475819182,2000,2000
