corr_etoe,error,Nseed,Nsample
0.17892889667279813,0.010383640644196484,2000,2000
