ZL,error,Nseed,Nsample
0.014965510724217748,0.0035640192796428886,2000.0,2000.0
