ZL,error,Nseed,Nsample
-0.0018446053412773163,0.0034487667728612115,2000.0,2000.0
