ZL,error,Nseed,Nsample
0.029316282394936024,0.0038060923843331296,2000.0,2000.0
