ZL,error,Nseed,Nsample
0.028341818190845143,0.0040248092094109945,2000.0,2000.0
