ZL,error,Nseed,Nsample
0.00465185828868627,0.004234721882274588,2000.0,2000.0
