bulk_corr,error,tot_seed,sample
0.18963978988462388,0.00044667248953385785,2000,64000
