bulk_corr,error,tot_seed,sample
0.18418130586970383,0.00045847431674653346,2000,64000
