bulk_corr,error,tot_seed,sample
0.09356252800500775,0.00040113456330747064,2000,128000
