bulk_corr,error,tot_seed,sample
0.23559309435715858,0.0008545359336854705,2000,64000
