ZL,error,Nseed,Nsample
0.008932639034026375,0.004170919923250809,2000.0,2000.0
