ZL,error,Nseed,Nsample
0.0047176992623591705,0.0041088954286430095,2000.0,2000.0
