ZL,error,Nseed,Nsample
0.011707008786509907,0.003951500520626638,2000.0,2000.0
