ZL,error,Nseed,Nsample
0.0036121966271891325,0.0036419688290534103,2000.0,2000.0
