bulk_corr,error,tot_seed,sample
0.003952431975598293,2.1852021740846716e-05,2000,512000
