corr_etoe,error,Nseed,Nsample
0.6736992186593438,0.017566134980176652,2000,2000
