corr_etoe,error,Nseed,Nsample
0.4622127382987986,0.016009605284383232,2000,2000
