bulk_corr,error,tot_seed,sample
0.031230085813374258,0.0001603107127663174,2000,256000
