ZL,error,Nseed,Nsample
-0.019433448088155145,0.004987796842718256,2000.0,2000.0
