bulk_corr,error,tot_seed,sample
0.005114657672177307,5.27263795790041e-05,2000,511744
