ZL,error,Nseed,Nsample
-0.18573248066034181,0.007615058967139176,2000.0,2000.0
