ZL,error,Nseed,Nsample
0.05203996476981026,0.0067285464630397526,2000.0,2000.0
