corr_etoe,error,Nseed,Nsample
1.828620850544071,0.017748969631367035,2000,2000
