corr_etoe,error,Nseed,Nsample
1.5046729147669793,0.025020202415443428,2000,2000
