corr_etoe,error,Nseed,Nsample
1.070069914472203,0.03001885666127642,2000,2000
