corr_etoe,error,Nseed,Nsample
1.392580080225285,0.030047828912825394,2000,2000
