corr_etoe,error,Nseed,Nsample
0.8768291078434444,0.03416284079842392,2000,2000
