ZL,error,Nseed,Nsample
0.4712063903030133,0.009427430535345437,2000.0,2000.0
