ZL,error,Nseed,Nsample
0.47034064502043654,0.008173387019546964,2000.0,2000.0
