ZL,error,Nseed,Nsample
0.468624737023359,0.006352753562811605,2000.0,2000.0
