ZL,error,Nseed,Nsample
0.42227843140566074,0.004344389218365515,2000.0,2000.0
