ZL,error,Nseed,Nsample
0.14971940935628497,0.0055427394116381095,2000.0,2000.0
