ZL,error,Nseed,Nsample
0.043962159311192794,0.00639641641370409,2000.0,2000.0
