ZL,error,Nseed,Nsample
-0.09282933090282713,0.006894395389231503,2000.0,2000.0
