ZL,error,Nseed,Nsample
-0.10972590332558542,0.006391170692728254,2000.0,2000.0
