bulk_corr,error,tot_seed,sample
3.61478101200768e-05,3.2337997892488268e-06,2000,512000
