corr_etoe,error,Nseed,Nsample
0.1553166061436976,0.008227017169646661,3000,3000
