corr_etoe,error,Nseed,Nsample
0.27942616857598873,0.010403860419233347,3000,3000
