corr_etoe,error,Nseed,Nsample
0.010926832824093726,0.0037187471992439648,1000,1000
