corr_etoe,error,Nseed,Nsample
0.05862404003563696,0.0065980657800953895,2000,1999
