corr_etoe,error,Nseed,Nsample
1.273286121914246,0.03752534816576421,2000,2000
