corr_etoe,error,Nseed,Nsample
0.9581631467496001,0.04030163072877817,2000,1967
