corr_etoe,error,Nseed,Nsample
0.9547616034610322,0.040003514225932096,2000,2000
