ZL,error,Nseed,Nsample
0.1562376668338781,0.00558396811029037,2000.0,2000.0
