ZL,error,Nseed,Nsample
0.06512843809066739,0.006228564481921868,2000.0,2000.0
