ZL,error,Nseed,Nsample
0.19113137674657096,0.004823133155533015,2000.0,2000.0
