ZL,error,Nseed,Nsample
0.18855955570660185,0.004293943289110318,2000.0,2000.0
