corr_etoe,error,Nseed,Nsample
0.9038598143569959,0.028417737418567512,1000,1000
