corr_etoe,error,Nseed,Nsample
1.1032683652183444,0.02797122877780185,1000,1000
