bulk_corr,error,tot_seed,sample
0.19910646275906496,0.0004985643353450571,2000,64000
