corr_etoe,error,Nseed,Nsample
0.6692174020377529,0.016205292447197588,2000,2000
