corr_etoe,error,Nseed,Nsample
0.5330242196579097,0.015157989162819362,2000,2000
