corr_etoe,error,Nseed,Nsample
0.3434480194405749,0.013487222262805207,2000,2000
