ZL,error,Nseed,Nsample
0.02628182072244609,0.003574796446914571,2000.0,2000.0
