ZL,error,Nseed,Nsample
0.0176532699112466,0.003479212663353677,2000.0,2000.0
