ZL,error,Nseed,Nsample
-0.00047526540176080767,0.003335025996055484,2000.0,2000.0
