ZL,error,Nseed,Nsample
0.15546692772325776,0.009774792664857234,2000.0,2000.0
