ZL,error,Nseed,Nsample
0.3197145975458719,0.005613072334432977,2000.0,2000.0
