ZL,error,Nseed,Nsample
-0.007375840275722477,0.01117666900935762,2000.0,2000.0
