ZL,error,Nseed,Nsample
0.2666995792649051,0.007947945929218391,2000.0,2000.0
