bulk_corr,error,tot_seed,sample
0.05223266034961374,0.00026538732514959075,2000,128000
