ZL,error,Nseed,Nsample
-0.061628905504711194,0.006345331671110051,2000.0,2000.0
