bulk_corr,error,tot_seed,sample
0.02272358579924189,7.080620703124629e-05,2000,512000
