ZL,error,Nseed,Nsample
-0.033928025969247606,0.0035137635694898733,2000.0,2000.0
