ZL,error,Nseed,Nsample
0.016272171873009306,0.0034979235618324634,2000.0,2000.0
