ZL,error,Nseed,Nsample
0.03886783386935448,0.00398195559238627,2000.0,1997.0
