ZL,error,Nseed,Nsample
-0.01709759545196266,0.003442542412065683,2000.0,2000.0
