bulk_corr,error,tot_seed,sample
0.021698524076399883,0.00010117596123403218,1000,256000
