ZL,error,Nseed,Nsample
-0.05892735404630293,0.005248598389446625,2000.0,2000.0
