bulk_corr,error,tot_seed,sample
0.001030868912030613,3.143399092916782e-05,2000,256000
