bulk_corr,error,tot_seed,sample
0.08769326624191114,0.00032524045458907853,2000,128000
