ZL,error,Nseed,Nsample
0.001475395089934434,0.0035454451165310066,2000.0,2000.0
