ZL,error,Nseed,Nsample
0.019804749091179186,0.0038276440574313187,2000.0,2000.0
