bulk_corr,error,tot_seed,sample
0.0015899620215018317,1.8906705715531496e-05,2000,512000
