corr_etoe,error,Nseed,Nsample
0.8286130049189242,0.013574773523300039,2000,2000
