corr_etoe,error,Nseed,Nsample
0.5275090431253714,0.015410238685627183,2000,2000
