corr_etoe,error,Nseed,Nsample
1.0109981605899572,0.011533689313954676,2000,2000
