ZL,error,Nseed,Nsample
-0.6503307457998823,0.004253586731519286,2000.0,2000.0
