ZL,error,Nseed,Nsample
-0.7560311571056747,0.005679373443830402,2000.0,2000.0
