ZL,error,Nseed,Nsample
-0.45245424803457895,0.004275423600616028,2000.0,2000.0
