bulk_corr,error,tot_seed,sample
0.03854609554928983,0.0001522541396047149,2000,256000
