corr_etoe,error,Nseed,Nsample
0.13415794437062026,0.006981109875845313,3000,3000
