corr_etoe,error,Nseed,Nsample
0.29191617086890204,0.010294039183151062,3000,3000
