corr_etoe,error,Nseed,Nsample
0.05672801791156735,0.005692527692234941,2000,2000
