corr_etoe,error,Nseed,Nsample
0.01806288721422551,0.004363024239341685,1000,1000
