bulk_corr,error,tot_seed,sample
0.0340773500890861,0.00013704790298386921,2000,256000
