ZL,error,Nseed,Nsample
-0.10305638679746973,0.0049965580138247815,2000.0,2000.0
