ZL,error,Nseed,Nsample
-0.16539737582884695,0.005776890765556771,2000.0,1996.0
