ZL,error,Nseed,Nsample
-0.21707922283651931,0.006946845658796908,2000.0,1963.0
