ZL,error,Nseed,Nsample
-0.02395447203440593,0.004045151979169913,2000.0,2000.0
