bulk_corr,error,tot_seed,sample
0.0296100327400835,0.00012446437636322798,2000,256000
