bulk_corr,error,tot_seed,sample
0.01582448614257091,0.00012381914249896993,2000,256000
