bulk_corr,error,tot_seed,sample
0.004776635846396134,2.536936699608912e-05,2000,512000
