bulk_corr,error,tot_seed,sample
0.025134793462921197,0.00014386220097848098,2000,256000
