corr_etoe,error,Nseed,Nsample
0.8326094395519555,0.013669561711778166,2000,2000
