corr_etoe,error,Nseed,Nsample
0.582806307732773,0.016509477342082003,2000,2000
