corr_etoe,error,Nseed,Nsample
0.41044763329087763,0.014103757217172273,2000,2000
