corr_etoe,error,Nseed,Nsample
0.22360362119632873,0.011861066205698103,2000,2000
