ZL,error,Nseed,Nsample
0.04489955751359996,0.00873918606775377,2000.0,2000.0
