ZL,error,Nseed,Nsample
-0.16098431958343126,0.01057465954461637,2000.0,2000.0
