bulk_corr,error,tot_seed,sample
0.05931631886580948,0.00016584900279794683,2000,256000
