corr_etoe,error,Nseed,Nsample
0.08743260930453947,0.006596095571139689,2000,2000
