corr_etoe,error,Nseed,Nsample
0.33864421805674993,0.013474042950465448,2000,2000
