corr_etoe,error,Nseed,Nsample
0.17803389897762886,0.009537817344392796,2000,2000
