corr_etoe,error,Nseed,Nsample
0.026257450076979355,0.004148271041385208,2000,2000
