bulk_corr,error,tot_seed,sample
0.01441722492137595,6.265958108084658e-05,2000,256000
