bulk_corr,error,tot_seed,sample
0.06857768630354702,0.000378973776305933,2000,128000
