bulk_corr,error,tot_seed,sample
0.08140918843183831,0.00038329414896001523,2000,128000
