corr_etoe,error,Nseed,Nsample
0.7981833003082689,0.03500940638266075,2000,2000
