corr_etoe,error,Nseed,Nsample
1.8310230071223517,0.02299015022022235,2000,2000
