corr_etoe,error,Nseed,Nsample
1.362549835895986,0.03143617922289131,2000,2000
