bulk_corr,error,tot_seed,sample
0.020933590865539656,0.00015274327185151135,2000,256000
