bulk_corr,error,tot_seed,sample
0.20025639372733783,0.00040873958072872556,2000,64000
