ZL,error,Nseed,Nsample
-0.005877331578375001,0.004150951621379402,2000.0,2000.0
