ZL,error,Nseed,Nsample
-0.06474291962225588,0.004870891392913551,2000.0,2000.0
