ZL,error,Nseed,Nsample
0.04718199516951174,0.0038645360723515818,2000.0,2000.0
