ZL,error,Nseed,Nsample
0.028835846195762675,0.004575108828939386,2000.0,2000.0
