corr_etoe,error,Nseed,Nsample
1.2055957411412086,0.0355967541923925,2000,2000
