corr_etoe,error,Nseed,Nsample
0.6321482292234879,0.0380238438556872,2000,2000
