corr_etoe,error,Nseed,Nsample
0.8048758508825696,0.04354195761435853,1500,1500
