gap,seed_num
0.0003322081836358848,226
1.5009021012701851e-05,227
4.113375553060905e-06,228
1.70582552527776e-08,229
0.0008921365499645617,230
0.0008163841217765366,231
0.00043621416739370034,232
1.4502071735478239e-05,233
0.0194943470509088,234
5.1757590540546516e-05,235
1.0660728321454371e-05,236
6.809599403823086e-05,237
1.5996351976355072e-07,238
1.2523937584774103e-06,239
4.601474756782409e-09,240
0.0006049243111192482,241
0.00010390995566922356,242
0.0010273943554466314,243
0.0018420577995357235,244
5.170256827113917e-07,245
0.00022998667202500656,246
2.5784370336623397e-06,247
0.0012295821093175618,248
1.1937117960769683e-11,249
5.870539746410941e-05,250
0.006726807840891524,376
4.949924914399162e-10,377
5.657608949150017e-05,378
2.0768993636011146e-08,379
5.0571853535075206e-05,380
1.2947734376211884e-05,381
2.9558577807620168e-12,382
2.0615343373719952e-05,383
2.6024747512565227e-07,384
0.0008604865410006823,385
3.0813661282991234e-05,386
4.8838929501471284e-05,387
0.00038488549728299404,388
7.503331289626658e-12,389
6.093472586599091e-05,390
6.769642368453788e-05,391
1.217915837514738e-06,392
0.002141936840416747,393
7.844391802791506e-12,394
0.0016486331326177606,395
0.00043896619934002956,396
3.3482325306977145e-05,397
5.266632467737509e-05,398
3.6812923553952714e-07,399
0.001329798155552453,400
