corr_etoe,error,Nseed,Nsample
0.952388889375549,0.016782621046920597,2000,2000
