corr_etoe,error,Nseed,Nsample
1.1334100487024532,0.016031404111258713,2000,2000
