corr_etoe,error,Nseed,Nsample
0.7148104559060796,0.017648344065243127,2000,2000
