bulk_corr,error,tot_seed,sample
0.10748060904570612,0.0003475015761918876,2000,128000
