corr_etoe,error,Nseed,Nsample
1.3924940776166466,0.020224442489360644,2000,2000
