corr_etoe,error,Nseed,Nsample
1.5846176638190406,0.01727567715347828,2000,1957
