bulk_corr,error,tot_seed,sample
0.07451343192028512,0.0003580122835841414,2000,64000
