bulk_corr,error,tot_seed,sample
0.012958933635461268,8.43852621491649e-05,2000,256000
