bulk_corr,error,tot_seed,sample
0.06688260090641723,0.0002046057903695017,2000,128000
