bulk_corr,error,tot_seed,sample
0.024898270149148184,0.00014900328417199207,2000,128000
