bulk_corr,error,tot_seed,sample
0.0006664612616838233,1.7320723491231904e-05,2000,256000
