corr_etoe,error,Nseed,Nsample
0.6945941266124187,0.01628141989275234,2000,2000
