corr_etoe,error,Nseed,Nsample
0.874369229552305,0.01710678204838311,2000,2000
