corr_etoe,error,Nseed,Nsample
0.43421922983134853,0.014800138812944147,2000,2000
