corr_etoe,error,Nseed,Nsample
1.0203397550107198,0.017805382869775392,2000,2000
