corr_etoe,error,Nseed,Nsample
0.5687371340072503,0.015247535500883501,2000,2000
