corr_etoe,error,Nseed,Nsample
0.40060880069362437,0.014080986044663818,2000,2000
