corr_etoe,error,Nseed,Nsample
0.9214061859816022,0.017305015822978338,2000,2000
