bulk_corr,error,tot_seed,sample
0.08498012114971475,0.00038129486998187865,2000,128000
