ZL,error,Nseed,Nsample
0.04886927074070592,0.0038919003862162363,2000.0,2000.0
