ZL,error,Nseed,Nsample
-0.05688506870226386,0.004953955393290256,2000.0,2000.0
