ZL,error,Nseed,Nsample
-0.0017747198760931938,0.004207420694439403,2000.0,1971.0
