corr_etoe,error,Nseed,Nsample
1.6577823481224105,0.034155792683756195,2000,2000
