corr_etoe,error,Nseed,Nsample
0.9068231375880327,0.04002236520652047,2000,2000
