corr_etoe,error,Nseed,Nsample
2.3210523996601955,0.018141526820058367,2000,2000
