corr_etoe,error,Nseed,Nsample
0.4508195391786865,0.03905291864090219,2000,2000
