ZL,error,Nseed,Nsample
-0.37207429509177375,0.0053074549405282695,2000.0,2000.0
