ZL,error,Nseed,Nsample
-0.5452582192032717,0.005839559777521996,2000.0,2000.0
