ZL,error,Nseed,Nsample
-0.03155960547619288,0.004001683759592939,2000.0,2000.0
