ZL,error,Nseed,Nsample
-0.11208261576611467,0.005506848724100999,2000.0,2000.0
