ZL,error,Nseed,Nsample
-0.08110189799455601,0.004615303906515571,2000.0,2000.0
