ZL,error,Nseed,Nsample
0.0058789976000362095,0.003490270085674446,2000.0,2000.0
