corr_etoe,error,Nseed,Nsample
0.2885690033409004,0.010825927285657455,3000,3000
