corr_etoe,error,Nseed,Nsample
0.13628892759772404,0.007276305678895203,3000,3000
