corr_etoe,error,Nseed,Nsample
0.008877899367057136,0.0034009070155777634,1000,998
