corr_etoe,error,Nseed,Nsample
0.0562068915219925,0.005861027326149537,2000,2000
