bulk_corr,error,tot_seed,sample
0.00016148666013115394,2.5278956917935225e-05,1000,128000
