bulk_corr,error,tot_seed,sample
0.28629468915217654,0.0007651006835292314,2000,64000
