bulk_corr,error,tot_seed,sample
0.046317295485897095,0.0001326880366149458,2000,128000
