ZL,error,Nseed,Nsample
-0.04769014931618586,0.004791576975573474,2000.0,2000.0
