ZL,error,Nseed,Nsample
0.07067756151819615,0.004110357983397996,2000.0,2000.0
