ZL,error,Nseed,Nsample
0.021381928332747095,0.004246751457487441,2000.0,2000.0
