bulk_corr,error,tot_seed,sample
0.014561679747237953,7.865490065312137e-05,2000,256000
