bulk_corr,error,tot_seed,sample
0.006840471386335509,6.0609838271703505e-05,2000,512000
