corr_etoe,error,Nseed,Nsample
1.2615906525871718,0.02327717263180229,2000,2000
