corr_etoe,error,Nseed,Nsample
1.584295877928925,0.020297509407801454,2000,2000
