bulk_corr,error,tot_seed,sample
0.2865632580045479,0.000774376425685241,2000,64000
