corr_etoe,error,Nseed,Nsample
0.1721438239514551,0.008209401464250605,2000,2000
