corr_etoe,error,Nseed,Nsample
0.28494121972976494,0.01010309417360821,2000,2000
