corr_etoe,error,Nseed,Nsample
0.6450343938741153,0.014126230677813373,2000,2000
