corr_etoe,error,Nseed,Nsample
0.4537441451412369,0.012421908066052551,2000,2000
