ZL,error,Nseed,Nsample
-0.03557688313092148,0.004916264867121284,2000.0,2000.0
