ZL,error,Nseed,Nsample
-0.3803257906705905,0.014847938563184934,2000.0,2000.0
