ZL,error,Nseed,Nsample
-0.06151963051079509,0.007204945201030425,2000.0,2000.0
