ZL,error,Nseed,Nsample
-0.3102696651146543,0.013106005038022362,2000.0,2000.0
