ZL,error,Nseed,Nsample
-0.21334016879661943,0.010471354015520788,2000.0,2000.0
