bulk_corr,error,tot_seed,sample
0.1704244458794201,0.00041845061966561055,2000,64000
