ZL,error,Nseed,Nsample
0.048867888355453394,0.005357788316561857,2000.0,2000.0
