ZL,error,Nseed,Nsample
0.0536422495866941,0.005283025122937832,2000.0,2000.0
