ZL,error,Nseed,Nsample
0.06382275793516003,0.005389964955838378,2000.0,2000.0
