ZL,error,Nseed,Nsample
0.045856382388002076,0.004793552491528959,2000.0,2000.0
