ZL,error,Nseed,Nsample
0.24537546292184337,0.0074691462139069575,2000.0,2000.0
