ZL,error,Nseed,Nsample
0.1508316764054155,0.006194270914037043,2000.0,2000.0
