ZL,error,Nseed,Nsample
0.19458721762944511,0.0068918999373775965,2000.0,2000.0
