ZL,error,Nseed,Nsample
0.11000565338531275,0.005459358249210373,2000.0,2000.0
