bulk_corr,error,tot_seed,sample
0.012623026360077769,6.455941778690265e-05,2000,256000
