bulk_corr,error,tot_seed,sample
0.066163026713568,0.00024123511674090678,1000,64000
