ZL,error,Nseed,Nsample
-0.06047981129781627,0.003823268862438565,2000.0,2000.0
