ZL,error,Nseed,Nsample
-0.049131984989702185,0.0036794516715195837,2000.0,2000.0
