ZL,error,Nseed,Nsample
-0.025796190308104115,0.0037177992842843685,2000.0,2000.0
