ZL,error,Nseed,Nsample
0.021185976587692227,0.0039099726107635095,2000.0,2000.0
