ZL,error,Nseed,Nsample
0.004419282049348493,0.003290796000172717,2000.0,2000.0
