ZL,error,Nseed,Nsample
0.01948552911413041,0.0034747363974196714,2000.0,2000.0
