corr_etoe,error,Nseed,Nsample
0.08795567823774114,0.006496237243368005,2000,2000
