corr_etoe,error,Nseed,Nsample
0.3153386262456582,0.011277689188584997,2000,2000
