corr_etoe,error,Nseed,Nsample
0.17813029776791298,0.008614230893793401,2000,2000
