corr_etoe,error,Nseed,Nsample
0.44205909591764186,0.012760357337434186,2000,2000
