bulk_corr,error,tot_seed,sample
0.1324250654712172,0.00036249688122424984,2000,128000
