bulk_corr,error,tot_seed,sample
0.08024332128141862,0.0003772096773021606,2000,128000
