corr_etoe,error,Nseed,Nsample
1.3582333012004077,0.01395143352173476,2000,2000
