corr_etoe,error,Nseed,Nsample
0.6255372309799107,0.021890690592851793,2000,2000
