corr_etoe,error,Nseed,Nsample
1.1227734523991255,0.01843299367438559,2000,2000
