bulk_corr,error,tot_seed,sample
0.020096010648692535,6.8850644903508e-05,2000,256000
