bulk_corr,error,tot_seed,sample
0.10538421724117815,0.0002441574337781814,2000,64000
