bulk_corr,error,tot_seed,sample
0.06986292118093716,0.00025151728137265503,2000,128000
