bulk_corr,error,tot_seed,sample
0.07830713744697952,0.0003887302155119573,2000,128000
