bulk_corr,error,tot_seed,sample
0.1096940927863472,0.0002790828728471847,2000,128000
