ZL,error,Nseed,Nsample
0.21306431616909824,0.005520728207769379,2000.0,2000.0
