ZL,error,Nseed,Nsample
0.4389501411205054,0.0068893318157549335,2000.0,2000.0
