ZL,error,Nseed,Nsample
0.5544024190791749,0.007152305956769155,2000.0,2000.0
