ZL,error,Nseed,Nsample
0.3116526746494556,0.006365468251936899,2000.0,2000.0
