bulk_corr,error,tot_seed,sample
0.04685514129119526,0.0001437156606861398,2000,128000
