ZL,error,Nseed,Nsample
0.0004692248888047295,0.004253013863336624,2000.0,2000.0
