ZL,error,Nseed,Nsample
0.05638291006138042,0.003972575270813748,2000.0,2000.0
