ZL,error,Nseed,Nsample
-0.05498147531948923,0.004707695573715915,2000.0,2000.0
