bulk_corr,error,tot_seed,sample
0.03415368976164476,0.00014297589771024234,2000,128000
