ZL,error,Nseed,Nsample
-0.012803392907593927,0.0034196554290030004,2000.0,2000.0
