bulk_corr,error,tot_seed,sample
0.0030186451885516595,2.0641097969547525e-05,2000,512000
