bulk_corr,error,tot_seed,sample
0.027604530602480918,9.853950128755674e-05,2000,256000
