bulk_corr,error,tot_seed,sample
0.04818660334190672,0.00015174771400841563,2000,256000
