corr_etoe,error,Nseed,Nsample
1.285443448303617,0.020405649996999366,2000,2000
