corr_etoe,error,Nseed,Nsample
0.7922045953770686,0.02133004211863414,2000,2000
