corr_etoe,error,Nseed,Nsample
1.4525006345603275,0.018083067761648072,2000,2000
