bulk_corr,error,tot_seed,sample
0.21256469465703062,0.0004934513219473367,2000,64000
