bulk_corr,error,tot_seed,sample
0.0739553001373653,0.0003788385798969349,2000,128000
