bulk_corr,error,tot_seed,sample
0.01712124047295148,8.414122309288812e-05,2000,128000
