bulk_corr,error,tot_seed,sample
0.07448824005889179,0.00038246944475881796,2000,128000
