ZL,error,Nseed,Nsample
-0.08352499053078956,0.006483568170404166,2000.0,2000.0
