bulk_corr,error,tot_seed,sample
0.07281073028820766,0.000257961643346457,2000,128000
