bulk_corr,error,tot_seed,sample
0.02279542162598814,0.0001457793241515959,2000,256000
