bulk_corr,error,tot_seed,sample
0.01815565886607226,0.00010110193345550872,2000,256000
