corr_etoe,error,Nseed,Nsample
0.8592852492357722,0.021146859370261006,2000,2000
