corr_etoe,error,Nseed,Nsample
1.4225132773496185,0.018126519999357618,2000,2000
