corr_etoe,error,Nseed,Nsample
1.2335891794749096,0.019333430267967057,2000,2000
