bulk_corr,error,tot_seed,sample
0.023325625618403865,0.0001514578443793041,2000,256000
