bulk_corr,error,tot_seed,sample
0.013809026979933376,5.6788702692974106e-05,2000,512000
