ZL,error,Nseed,Nsample
0.06146500487695891,0.00448233752586008,2000.0,2000.0
