ZL,error,Nseed,Nsample
0.04169907201060898,0.004236230173216986,2000.0,2000.0
