ZL,error,Nseed,Nsample
0.05948505593838713,0.004619909900216278,2000.0,2000.0
