bulk_corr,error,tot_seed,sample
0.10003922811040217,0.00039960605968325665,2000,128000
