ZL,error,Nseed,Nsample
-0.015588468949394975,0.0035699259382894807,2000.0,1998.0
