bulk_corr,error,tot_seed,sample
0.03158564506157139,0.00013762609482594466,2000,256000
