ZL,error,Nseed,Nsample
0.11173578766711233,0.013584924563063093,2000.0,2000.0
