ZL,error,Nseed,Nsample
0.2841115302112327,0.006313517611990746,2000.0,2000.0
