ZL,error,Nseed,Nsample
0.19338369926644558,0.010175985954878416,2000.0,2000.0
