ZL,error,Nseed,Nsample
0.05549745778307537,0.016382670366367764,2000.0,2000.0
