ZL,error,Nseed,Nsample
0.01997219652943413,0.005073671002198146,2000.0,2000.0
