bulk_corr,error,tot_seed,sample
0.013159488444384783,5.625443200789483e-05,2000,512000
