bulk_corr,error,tot_seed,sample
0.00854152796410953,6.610734062180817e-05,1000,250112
