bulk_corr,error,tot_seed,sample
0.028224234755903424,0.0001238170442676109,2000,256000
