ZL,error,Nseed,Nsample
-0.013301089299292532,0.005818377975015478,2000.0,2000.0
