bulk_corr,error,tot_seed,sample
0.004648003033608864,2.4301920555281007e-05,2000,512000
