bulk_corr,error,tot_seed,sample
0.003991024103829172,2.2065265650638507e-05,2000,512000
