bulk_corr,error,tot_seed,sample
0.05782765976414451,0.0001543780487115554,2000,128000
