bulk_corr,error,tot_seed,sample
6.681487248572257e-05,3.5331023507169528e-06,2000,512000
