bulk_corr,error,tot_seed,sample
0.0021657544969851555,1.754040430464379e-05,2000,512000
