bulk_corr,error,tot_seed,sample
0.0631335300737833,0.00021921871686630476,1000,64000
