ZL,error,Nseed,Nsample
0.049122960487937115,0.003767662434142349,2000.0,2000.0
