ZL,error,Nseed,Nsample
0.022224642451137783,0.003766870148220445,2000.0,2000.0
