ZL,error,Nseed,Nsample
-0.028568572821794726,0.004125712480611182,2000.0,2000.0
