ZL,error,Nseed,Nsample
0.05863547832899031,0.003901353374911147,2000.0,2000.0
