bulk_corr,error,tot_seed,sample
0.02581684272537549,0.00015658918312190135,2000,256000
