bulk_corr,error,tot_seed,sample
0.024034719132598647,0.00015596409429972783,2000,256000
