ZL,error,Nseed,Nsample
-0.004589328492181486,0.0030930863217998555,2000.0,2000.0
