ZL,error,Nseed,Nsample
0.008357951840600626,0.0030065900773241726,2000.0,2000.0
