ZL,error,Nseed,Nsample
0.01418388872450697,0.0031193883573071356,2000.0,2000.0
