ZL,error,Nseed,Nsample
-0.01725692480127131,0.0035876187051129306,2000.0,1993.0
