corr_etoe,error,Nseed,Nsample
0.33274015653248606,0.012567121122982286,2000,2000
