corr_etoe,error,Nseed,Nsample
0.19603257425466503,0.009810510363352698,2000,2000
