corr_etoe,error,Nseed,Nsample
0.09613637006493331,0.006785450739826542,2000,2000
