bulk_corr,error,tot_seed,sample
0.22863763702101356,0.0008795544484856354,2000,64000
