bulk_corr,error,tot_seed,sample
0.06665621217308262,0.00024696466537573993,2000,128000
