bulk_corr,error,tot_seed,sample
0.046617949187123496,0.00014895153027676277,2000,256000
