bulk_corr,error,tot_seed,sample
0.05354703545029334,0.00015615779361598513,2000,256000
