bulk_corr,error,tot_seed,sample
0.05750194809692645,0.0001620503153279159,2000,256000
