ZL,error,Nseed,Nsample
0.003416809733853606,0.0058136074425202905,2000.0,2000.0
