ZL,error,Nseed,Nsample
-0.18658326617181104,0.006404614313073573,2000.0,2000.0
