ZL,error,Nseed,Nsample
-0.5281784674217932,0.010521941147471741,1000.0,1000.0
