ZL,error,Nseed,Nsample
-0.3965520889690271,0.0089498402630235,1000.0,1000.0
