ZL,error,Nseed,Nsample
0.7226186486005715,0.00514236561641549,2000.0,2000.0
