ZL,error,Nseed,Nsample
0.5258647968763017,0.003275203003208905,2000.0,2000.0
