ZL,error,Nseed,Nsample
0.6344926672449616,0.004168804009996085,2000.0,2000.0
