ZL,error,Nseed,Nsample
0.7824159253256926,0.0057686539165963755,2000.0,2000.0
