bulk_corr,error,tot_seed,sample
0.0887264154867114,0.0003909267739624159,2000,128000
