bulk_corr,error,tot_seed,sample
0.038898596645600275,0.00023343783328966413,2000,128000
