bulk_corr,error,tot_seed,sample
0.010279138453399122,6.607500715851515e-05,2000,512000
