ZL,error,Nseed,Nsample
-0.12964275234625547,0.006484544556645385,2000.0,2000.0
