ZL,error,Nseed,Nsample
-0.46068846344758335,0.010768254168076639,2000.0,2000.0
