ZL,error,Nseed,Nsample
-0.33993365330580017,0.008491277663897873,2000.0,2000.0
