ZL,error,Nseed,Nsample
-0.5343636278123881,0.011832691283473551,2000.0,2000.0
