ZL,error,Nseed,Nsample
0.02299546432848878,0.006321435387950548,2000.0,2000.0
