ZL,error,Nseed,Nsample
0.08631166112239796,0.004848473926292553,2000.0,2000.0
