ZL,error,Nseed,Nsample
0.10754401405465043,0.005341925015667628,2000.0,2000.0
