ZL,error,Nseed,Nsample
0.09673674837601896,0.005044591717532509,2000.0,2000.0
