ZL,error,Nseed,Nsample
0.45123602095251736,0.010544660202611288,2000.0,2000.0
