ZL,error,Nseed,Nsample
0.013073352110801467,0.004361733325793972,2000.0,2000.0
