ZL,error,Nseed,Nsample
0.01957556105403948,0.004586967560006801,2000.0,2000.0
