ZL,error,Nseed,Nsample
0.0032291832552820443,0.0047200999166755325,2000.0,2000.0
