ZL,error,Nseed,Nsample
0.014392526827167884,0.004541599028457565,2000.0,2000.0
