bulk_corr,error,tot_seed,sample
0.021580931333044732,0.00010743566279055057,2000,256000
