bulk_corr,error,tot_seed,sample
0.02617477746428515,0.0001568060109119913,2000,256000
