corr_etoe,error,Nseed,Nsample
0.2510729294962043,0.01013581573591307,3000,3000
