corr_etoe,error,Nseed,Nsample
0.057156195887080555,0.006709880639252951,2000,2000
