corr_etoe,error,Nseed,Nsample
0.12102564816197865,0.0070547277154538205,3000,3000
