corr_etoe,error,Nseed,Nsample
0.814120590271146,0.01775993266429357,2000,2000
