bulk_corr,error,tot_seed,sample
0.0723837664950339,0.0003803843129357125,2000,64000
