ZL,error,Nseed,Nsample
-0.0030693551553764528,0.0033026022245085207,2000.0,1988.0
