ZL,error,Nseed,Nsample
-0.009085327411733141,0.0038632168987364603,2000.0,1971.0
