corr_etoe,error,Nseed,Nsample
0.4861053984566157,0.01293704654181526,2000,2000
