corr_etoe,error,Nseed,Nsample
0.31800737200040746,0.011357970362802424,2000,2000
