corr_etoe,error,Nseed,Nsample
0.09984118024593047,0.0065481476247388195,2000,2000
