corr_etoe,error,Nseed,Nsample
0.18089092784078448,0.008110832035938246,2000,2000
