corr_etoe,error,Nseed,Nsample
0.489885646823121,0.01664791477608116,2000,2000
