corr_etoe,error,Nseed,Nsample
0.2648322654636889,0.013531112982425085,2000,2000
