bulk_corr,error,tot_seed,sample
0.0016098025855456216,1.5297222373276768e-05,2000,512000
