ZL,error,Nseed,Nsample
-0.7023361106364587,0.003085420369339504,2000.0,2000.0
