ZL,error,Nseed,Nsample
-0.8509335990855171,0.00582290873820212,2000.0,2000.0
