ZL,error,Nseed,Nsample
-0.5101379542569762,0.0032111733969260514,2000.0,2000.0
