ZL,error,Nseed,Nsample
-0.8117728497204838,0.0040480562254801575,2000.0,2000.0
