corr_etoe,error,Nseed,Nsample
1.1554788720083427,0.01749285353385544,2000,2000
