corr_etoe,error,Nseed,Nsample
1.3038830112763906,0.01722917499096389,2000,2000
