corr_etoe,error,Nseed,Nsample
0.8743341103848624,0.01975973265470635,2000,2000
