ZL,error,Nseed,Nsample
0.01418351482733349,0.0034783550436637725,2000.0,2000.0
