ZL,error,Nseed,Nsample
-0.12140439359485881,0.0055425509777614285,2000.0,2000.0
