ZL,error,Nseed,Nsample
-0.023724061281653178,0.003952372046131075,2000.0,2000.0
