ZL,error,Nseed,Nsample
-0.08314748382797346,0.004716251845999289,2000.0,2000.0
