ZL,error,Nseed,Nsample
-0.41956740976673534,0.0046893650077179695,2000.0,2000.0
