ZL,error,Nseed,Nsample
-0.6226490231911049,0.004570701163622371,2000.0,2000.0
