ZL,error,Nseed,Nsample
-0.7350274832146604,0.008542628246733689,1000.0,999.0
