ZL,error,Nseed,Nsample
-0.7405816610083668,0.01238741663140824,1000.0,1000.0
