corr_etoe,error,Nseed,Nsample
0.35794282246911147,0.013357227342191266,2000,2000
