corr_etoe,error,Nseed,Nsample
0.039721838011644924,0.00457053969679989,2000,2000
