corr_etoe,error,Nseed,Nsample
0.09931260512829665,0.007355241916461123,2000,2000
