ZL,error,Nseed,Nsample
-0.7792292110105752,0.005365697188869026,2000.0,2000.0
