ZL,error,Nseed,Nsample
-0.49369969406572195,0.003449744789375967,2000.0,2000.0
