ZL,error,Nseed,Nsample
-0.81037514079129,0.006870580059954475,2000.0,2000.0
