ZL,error,Nseed,Nsample
-0.681419692288028,0.003956415157933792,2000.0,2000.0
