ZL,error,Nseed,Nsample
0.06377266217009253,0.004020237303365913,2000.0,2000.0
