ZL,error,Nseed,Nsample
0.013181859398424148,0.004327484133601787,2000.0,2000.0
