ZL,error,Nseed,Nsample
-0.05912151592403175,0.004832718926078149,2000.0,2000.0
