ZL,error,Nseed,Nsample
-0.09134023788114716,0.006201703053860015,2000.0,2000.0
