ZL,error,Nseed,Nsample
-0.10514419366587091,0.00507134097418342,2000.0,2000.0
