ZL,error,Nseed,Nsample
-0.008545724999762956,0.004241151674647247,2000.0,2000.0
