ZL,error,Nseed,Nsample
-0.17627696910577687,0.005810214433898886,2000.0,1996.0
