ZL,error,Nseed,Nsample
-0.237111947392869,0.007166441145648935,2000.0,1996.0
