bulk_corr,error,tot_seed,sample
0.007901015249353062,6.701835115996058e-05,2000,128000
