ZL,error,Nseed,Nsample
0.022046143493930546,0.003692440348223052,2000.0,2000.0
