ZL,error,Nseed,Nsample
0.006126103412939455,0.0035212243879679814,2000.0,2000.0
