ZL,error,Nseed,Nsample
0.03782379566114863,0.0038830101698329794,2000.0,2000.0
