bulk_corr,error,tot_seed,sample
0.010031820128936483,9.892777319148913e-05,2000,128000
