bulk_corr,error,tot_seed,sample
0.07416407608531426,0.0003863985701442997,2000,128000
