corr_etoe,error,Nseed,Nsample
0.6642781275356383,0.02324302183590696,2000,2000
