corr_etoe,error,Nseed,Nsample
0.28267471187720067,0.021509386657949044,2000,2000
