corr_etoe,error,Nseed,Nsample
1.2148626033545578,0.01679772459565545,2000,2000
