corr_etoe,error,Nseed,Nsample
0.9919641534960189,0.014699261318759427,2000,2000
