corr_etoe,error,Nseed,Nsample
0.6127937166450871,0.015954642029402513,2000,2000
