corr_etoe,error,Nseed,Nsample
0.8463136415684192,0.01578110961125576,2000,2000
