bulk_corr,error,tot_seed,sample
0.21739083264931072,0.0006399834906863719,2000,64000
