ZL,error,Nseed,Nsample
0.018954579275034106,0.003560877047346355,2000.0,2000.0
