ZL,error,Nseed,Nsample
0.024998476504483478,0.0037357520753275946,2000.0,2000.0
