ZL,error,Nseed,Nsample
0.00041224302072247594,0.0034139132167043482,2000.0,2000.0
