ZL,error,Nseed,Nsample
-0.0026601870518649247,0.00336618912949475,2000.0,1996.0
