ZL,error,Nseed,Nsample
-0.0031550591694311193,0.0031724948516589214,2000.0,1999.0
