corr_etoe,error,Nseed,Nsample
0.895200037155158,0.021773523898725486,2000,2000
