corr_etoe,error,Nseed,Nsample
1.239866493058031,0.021482948601655266,2000,2000
