bulk_corr,error,tot_seed,sample
0.02171791197870616,7.563045249662016e-05,2000,256000
