corr_etoe,error,Nseed,Nsample
0.4037537166099384,0.013456008920857444,2000,2000
