corr_etoe,error,Nseed,Nsample
0.21979963058225416,0.010387678312723771,2000,2000
