corr_etoe,error,Nseed,Nsample
0.10174896327210008,0.006725469805349393,2000,2000
