corr_etoe,error,Nseed,Nsample
0.04774172512253164,0.005291388688163019,2000,2000
