bulk_corr,error,tot_seed,sample
0.07327937930023731,0.0003042862100183873,2000,128000
