bulk_corr,error,tot_seed,sample
0.14318264650794874,0.00046939815169366863,2000,64000
