bulk_corr,error,tot_seed,sample
0.0856973867301562,0.00026516129395088195,2000,128000
