bulk_corr,error,tot_seed,sample
0.08644921118576056,0.0003847050757061231,2000,128000
