bulk_corr,error,tot_seed,sample
0.2872995779152095,0.0007695939783015998,2000,64000
