bulk_corr,error,tot_seed,sample
0.01002507842268577,6.659367982055265e-05,1000,128000
