corr_etoe,error,Nseed,Nsample
0.25312554758093303,0.01058831809854535,3000,3000
