corr_etoe,error,Nseed,Nsample
0.12330924819390392,0.007383685481170371,3000,3000
