corr_etoe,error,Nseed,Nsample
0.038040031566535785,0.005034879876008663,2000,1998
