bulk_corr,error,tot_seed,sample
0.002783465912611385,2.0206620799481008e-05,2000,256000
