ZL,error,Nseed,Nsample
0.5945844325143674,0.0020431671006816525,2000.0,2000.0
