ZL,error,Nseed,Nsample
0.835301959623851,0.0025171591509324325,2000.0,2000.0
