ZL,error,Nseed,Nsample
0.7377999983100457,0.0017158074080731113,2000.0,2000.0
