ZL,error,Nseed,Nsample
0.8980878438629174,0.0029643987311467335,2000.0,2000.0
