bulk_corr,error,tot_seed,sample
0.12726972181518317,0.00039160809459913104,2000,128000
