ZL,error,Nseed,Nsample
0.22785691031824665,0.00961579635454218,2000.0,2000.0
