ZL,error,Nseed,Nsample
0.09559308415683794,0.011245122476093378,2000.0,2000.0
