ZL,error,Nseed,Nsample
0.3072639980888112,0.007698381873736477,2000.0,2000.0
