ZL,error,Nseed,Nsample
0.3499268961858205,0.0053479472730539514,2000.0,2000.0
