bulk_corr,error,tot_seed,sample
0.006725610985687886,5.84311259059135e-05,2000,512000
