corr_etoe,error,Nseed,Nsample
0.32004167218571117,0.01243976809053977,2000,2000
