corr_etoe,error,Nseed,Nsample
0.07519081271027221,0.006147418739878936,2000,2000
