corr_etoe,error,Nseed,Nsample
0.028912259520118992,0.008504321006142115,500,499
