corr_etoe,error,Nseed,Nsample
0.17639583201277173,0.009394503914733943,2000,2000
