bulk_corr,error,tot_seed,sample
0.010950303444560583,5.2020016476609566e-05,2000,512000
