ZL,error,Nseed,Nsample
0.10903184136236521,0.005343141316419707,2000.0,2000.0
