ZL,error,Nseed,Nsample
0.1151585516805391,0.005012108034959479,2000.0,2000.0
