ZL,error,Nseed,Nsample
0.11214081764370738,0.004647399434910037,2000.0,2000.0
