ZL,error,Nseed,Nsample
0.13489745965239763,0.0052221687576220616,2000.0,2000.0
