bulk_corr,error,tot_seed,sample
0.000407860404857076,1.0084518077231028e-05,2000,512000
