ZL,error,Nseed,Nsample
0.30842483882147187,0.008674336545928873,2000.0,2000.0
