ZL,error,Nseed,Nsample
0.3488415548935183,0.006629026767747306,2000.0,2000.0
