ZL,error,Nseed,Nsample
0.19792715417883128,0.010155936877428414,2000.0,2000.0
