ZL,error,Nseed,Nsample
0.34774290552884596,0.004722867082879421,2000.0,2000.0
