ZL,error,Nseed,Nsample
-0.06306124037431136,0.004776681930289117,2000.0,2000.0
