ZL,error,Nseed,Nsample
0.003008372117286201,0.004185908406792181,2000.0,2000.0
