ZL,error,Nseed,Nsample
0.04147360780790973,0.0039139411162466275,2000.0,2000.0
