bulk_corr,error,tot_seed,sample
0.19592758356452128,0.0008863848273100552,2000,64000
