ZL,error,Nseed,Nsample
-0.018062970394687922,0.004284718152654016,2000.0,2000.0
