ZL,error,Nseed,Nsample
-0.06866463942170661,0.004723077177661858,2000.0,2000.0
