ZL,error,Nseed,Nsample
0.028487768305339008,0.0037671974067024,2000.0,2000.0
