bulk_corr,error,tot_seed,sample
0.002572719192554698,1.7734352180520207e-05,2000,512000
