corr_etoe,error,Nseed,Nsample
0.36036183191360177,0.013354445979840058,2000,2000
