corr_etoe,error,Nseed,Nsample
0.21828992685658533,0.015697527124402574,1000,1000
