corr_etoe,error,Nseed,Nsample
0.08528469606634471,0.009888721561089777,1000,1000
