ZL,error,Nseed,Nsample
0.08604378895736421,0.004756741935328555,2000.0,2000.0
