ZL,error,Nseed,Nsample
0.1384625730579306,0.004111079252347641,2000.0,2000.0
