ZL,error,Nseed,Nsample
0.13045331922198136,0.0045225651908913575,2000.0,2000.0
