bulk_corr,error,tot_seed,sample
0.2457101667257274,0.0007609692071850302,2000,64000
