bulk_corr,error,tot_seed,sample
0.003359125927841227,2.057766023814892e-05,2000,512000
