corr_etoe,error,Nseed,Nsample
0.8896334342056045,0.016606357922478544,2000,2000
