corr_etoe,error,Nseed,Nsample
0.5495909084136503,0.014630381454919891,2000,2000
