corr_etoe,error,Nseed,Nsample
0.7091440139989991,0.015437181420495386,2000,2000
