corr_etoe,error,Nseed,Nsample
0.376913325661915,0.013408741652439268,2000,2000
