corr_etoe,error,Nseed,Nsample
0.8787384667631707,0.014098738366155356,2000,2000
