bulk_corr,error,tot_seed,sample
0.10552635654594007,0.0003929917307341693,2000,128000
