corr_etoe,error,Nseed,Nsample
0.07574814945893593,0.005669703448016038,2000,2000
