corr_etoe,error,Nseed,Nsample
0.1491272841314709,0.007790213449126154,2000,2000
