corr_etoe,error,Nseed,Nsample
0.2929688753368499,0.010873592045630601,2000,2000
