corr_etoe,error,Nseed,Nsample
0.46663198817091794,0.01309815648391637,2000,2000
