bulk_corr,error,tot_seed,sample
0.04371871872329608,0.00022842085957775399,1000,64000
