bulk_corr,error,tot_seed,sample
0.016908593601612527,7.193390280205987e-05,2000,256000
