bulk_corr,error,tot_seed,sample
0.06992074116420934,0.00020314974713235955,2000,128000
