ZL,error,Nseed,Nsample
0.04253181357692473,0.005066614321620664,2000.0,2000.0
