bulk_corr,error,tot_seed,sample
0.00851148367369152,5.666582662721966e-05,2000,256000
