bulk_corr,error,tot_seed,sample
0.18752435842846082,0.0005127627299765759,2000,64000
