bulk_corr,error,tot_seed,sample
0.051790605589520144,0.00017068386740818652,2000,256000
