ZL,error,Nseed,Nsample
0.08019450280852622,0.006168067866812677,2000.0,2000.0
