ZL,error,Nseed,Nsample
0.180102887011472,0.004159822790262119,2000.0,2000.0
