ZL,error,Nseed,Nsample
0.1918305145868116,0.004654397017759658,2000.0,2000.0
