ZL,error,Nseed,Nsample
0.15057388041755945,0.005392259922295171,2000.0,2000.0
