ZL,error,Nseed,Nsample
-0.07118101035095356,0.00475734517981932,2000.0,2000.0
