ZL,error,Nseed,Nsample
0.04372685510959053,0.0037211092488233545,2000.0,2000.0
