ZL,error,Nseed,Nsample
-0.13056788467259112,0.00546552716218836,2000.0,1999.0
