ZL,error,Nseed,Nsample
-0.006213227383418134,0.004089115827457508,2000.0,2000.0
