ZL,error,Nseed,Nsample
0.08410157062581311,0.004652275549717337,2000.0,2000.0
