ZL,error,Nseed,Nsample
-0.18033868711316375,0.006166420077292381,2000.0,2000.0
