ZL,error,Nseed,Nsample
-0.3036620342430912,0.006999291835713929,2000.0,1999.0
