ZL,error,Nseed,Nsample
-0.03284259438337928,0.00557519020919587,2000.0,2000.0
