bulk_corr,error,tot_seed,sample
0.009329760279720191,3.595393332196649e-05,2000,512000
