ZL,error,Nseed,Nsample
-0.032200885038127736,0.0052855948185585614,2000.0,2000.0
