bulk_corr,error,tot_seed,sample
0.03493730680541071,0.00016698765825340443,2000,256000
