ZL,error,Nseed,Nsample
-0.009554443739378372,0.004466566013382791,2000.0,2000.0
