bulk_corr,error,tot_seed,sample
0.0005188898364163993,2.077047149827074e-05,2000,256000
