bulk_corr,error,tot_seed,sample
0.007260543293908648,3.362810979582849e-05,2000,512000
