ZL,error,Nseed,Nsample
-0.08219138764974544,0.005117507930628124,2000.0,2000.0
