ZL,error,Nseed,Nsample
-0.19375225112469235,0.005999258663682212,2000.0,2000.0
