ZL,error,Nseed,Nsample
-0.29199396745394784,0.0071315573377391805,2000.0,2000.0
