ZL,error,Nseed,Nsample
0.01875155713858599,0.004381338782727829,2000.0,2000.0
