bulk_corr,error,tot_seed,sample
0.03203693949887489,0.00016425189537403855,2000,256000
