bulk_corr,error,tot_seed,sample
0.005566499158832866,4.949536025434024e-05,2000,512000
