bulk_corr,error,tot_seed,sample
0.1199018052467,0.0003862517622327185,2000,128000
