corr_etoe,error,Nseed,Nsample
1.8342964441014522,0.042757847736606236,1000,1000
