corr_etoe,error,Nseed,Nsample
1.279413935628068,0.052742720553534746,1000,1000
