corr_etoe,error,Nseed,Nsample
0.39517943578693415,0.014227538757318447,2000,2000
