corr_etoe,error,Nseed,Nsample
0.6010833378377363,0.0155370482306396,2000,2000
