corr_etoe,error,Nseed,Nsample
0.7515137807844795,0.016404032103969735,2000,2000
