corr_etoe,error,Nseed,Nsample
0.922690281237253,0.017258797712736907,2000,2000
