corr_etoe,error,Nseed,Nsample
1.753769917115948,0.02477460122160807,2000,2000
