corr_etoe,error,Nseed,Nsample
1.3197744921825383,0.030392793184207758,2000,2000
