ZL,error,Nseed,Nsample
-0.02556899412188195,0.0039607777007817525,2000.0,2000.0
