ZL,error,Nseed,Nsample
0.014707488118995188,0.0035988089672726055,2000.0,2000.0
