ZL,error,Nseed,Nsample
0.0390041801610071,0.0038118296257856617,2000.0,2000.0
