ZL,error,Nseed,Nsample
-0.5653589708962844,0.0055724762980151376,2000.0,2000.0
