ZL,error,Nseed,Nsample
-0.3871863123403771,0.005261889610444102,2000.0,2000.0
