corr_etoe,error,Nseed,Nsample
0.9018392828885681,0.014388226734038681,2000,2000
