bulk_corr,error,tot_seed,sample
0.032763571659295845,0.00016705812974581146,2000,256000
