ZL,error,Nseed,Nsample
0.006887799456595589,0.0032418051710306523,2000.0,2000.0
