ZL,error,Nseed,Nsample
0.01345245627676971,0.003439733708555968,2000.0,2000.0
