ZL,error,Nseed,Nsample
-0.008074772865237573,0.003418684735373053,2000.0,2000.0
