ZL,error,Nseed,Nsample
-0.053743682710740044,0.00597741472502375,2000.0,2000.0
