ZL,error,Nseed,Nsample
-0.006955057125740138,0.00343183739117235,2000.0,1987.0
