ZL,error,Nseed,Nsample
-0.008342014579060225,0.00358241966948223,2000.0,1948.0
