ZL,error,Nseed,Nsample
0.003794085750742022,0.002960783966798854,2000.0,2000.0
