ZL,error,Nseed,Nsample
-0.0015799797914086144,0.0034440120371538835,2000.0,1994.0
