ZL,error,Nseed,Nsample
-0.0029767314884599394,0.0030113450682023157,2000.0,2000.0
