ZL,error,Nseed,Nsample
0.0060431678941879,0.003170185504289684,2000.0,2000.0
