corr_etoe,error,Nseed,Nsample
0.03192304145468644,0.004013751173376066,2000,2000
