corr_etoe,error,Nseed,Nsample
0.33484935438653973,0.012528637629226413,2000,2000
