corr_etoe,error,Nseed,Nsample
0.08396058278768619,0.00613758196803145,2000,2000
