bulk_corr,error,tot_seed,sample
0.2205124882015096,0.0008786135807218758,2000,64000
