corr_etoe,error,Nseed,Nsample
1.4788607132339162,0.020406953195849214,2000,2000
