corr_etoe,error,Nseed,Nsample
1.705131976723971,0.015853593041859907,2000,2000
