corr_etoe,error,Nseed,Nsample
1.1238742641469752,0.024741052217248396,2000,2000
