bulk_corr,error,tot_seed,sample
0.045647859582887015,0.00017664914101970478,2000,128000
