ZL,error,Nseed,Nsample
0.09933136851827425,0.008904179998078812,2000.0,2000.0
