ZL,error,Nseed,Nsample
-0.0655737127008982,0.01073730693580808,2000.0,2000.0
