bulk_corr,error,tot_seed,sample
0.07058859307247359,0.0003020233025645136,2000,128000
