corr_etoe,error,Nseed,Nsample
0.6507828079484634,0.015201091905869695,2000,2000
