corr_etoe,error,Nseed,Nsample
0.4844281007692177,0.013628768023853282,2000,2000
