corr_etoe,error,Nseed,Nsample
0.7973425123691777,0.01606815455506988,2000,2000
