corr_etoe,error,Nseed,Nsample
0.3055251509002666,0.011355653363682787,2000,2000
