ZL,error,Nseed,Nsample
0.21213691758129666,0.008018325616410823,2000.0,2000.0
