ZL,error,Nseed,Nsample
0.07999249916639944,0.009221717327082015,2000.0,2000.0
