ZL,error,Nseed,Nsample
0.30788727390133325,0.004500798000629246,2000.0,2000.0
