ZL,error,Nseed,Nsample
0.2860215508685041,0.006195502448257519,2000.0,2000.0
