bulk_corr,error,tot_seed,sample
0.06815994109450747,0.00018057171053466228,2000,128000
