ZL,error,Nseed,Nsample
0.01690569039509471,0.0035207863209198963,2000.0,2000.0
