ZL,error,Nseed,Nsample
0.0102203484972159,0.0032915477269341445,2000.0,2000.0
