ZL,error,Nseed,Nsample
-0.0035304051452961192,0.003289404757929912,2000.0,2000.0
