ZL,error,Nseed,Nsample
0.005515876033758584,0.005104663635953812,2000.0,2000.0
