ZL,error,Nseed,Nsample
0.0004173813183105406,0.005259440241644538,2000.0,2000.0
