bulk_corr,error,tot_seed,sample
0.05755725660504716,0.0001707765986618287,2000,128000
