bulk_corr,error,tot_seed,sample
0.050082691804071745,0.00015749846719631213,2000,256000
