corr_etoe,error,Nseed,Nsample
1.6202402118086145,0.020115107495862507,2000,2000
