corr_etoe,error,Nseed,Nsample
1.2819004472886384,0.02407165236389366,2000,2000
