ZL,error,Nseed,Nsample
-0.03261080590607032,0.006687046418763836,2000.0,2000.0
