ZL,error,Nseed,Nsample
0.11831633059065963,0.005729938325542383,2000.0,2000.0
