corr_etoe,error,Nseed,Nsample
0.4204994959414326,0.016725113508078537,2000,2000
