corr_etoe,error,Nseed,Nsample
0.1784498874388602,0.010849315327652261,2000,2000
