bulk_corr,error,tot_seed,sample
0.21146148904241424,0.0008782467737847829,2000,64000
