bulk_corr,error,tot_seed,sample
0.114551020667058,0.00035064069294960063,2000,128000
