bulk_corr,error,tot_seed,sample
0.04090741995579978,0.00014137078922168213,2000,256000
