bulk_corr,error,tot_seed,sample
0.2417133414635193,0.0007733253266347071,2000,64000
