ZL,error,Nseed,Nsample
0.1385271689829094,0.005734052930875226,2000.0,2000.0
