ZL,error,Nseed,Nsample
0.023614957830576332,0.006499057529561856,2000.0,2000.0
