ZL,error,Nseed,Nsample
0.1871939127039791,0.005014309468111449,2000.0,2000.0
