ZL,error,Nseed,Nsample
0.19447226885255123,0.0042793265904574876,2000.0,2000.0
