ZL,error,Nseed,Nsample
-0.7869677979098525,0.005288759228854388,2000.0,2000.0
