ZL,error,Nseed,Nsample
-0.496244319453059,0.0035463395704037923,2000.0,2000.0
