ZL,error,Nseed,Nsample
-0.6835592681587133,0.004068262127909343,2000.0,2000.0
