ZL,error,Nseed,Nsample
-0.7998220628915272,0.007797863848672554,2000.0,2000.0
