bulk_corr,error,tot_seed,sample
0.018119409121347147,6.938496322976347e-05,2000,256000
