bulk_corr,error,tot_seed,sample
0.007481133132933708,3.364712727015301e-05,2000,512000
