bulk_corr,error,tot_seed,sample
0.00042057644506068495,2.0591735153089774e-05,2000,256000
