bulk_corr,error,tot_seed,sample
0.006192221166728377,4.1735969427256826e-05,2000,256000
