ZL,error,Nseed,Nsample
0.1447126657129816,0.004879781103036422,2000.0,2000.0
