ZL,error,Nseed,Nsample
-0.04488170285673596,0.006269465646961371,2000.0,2000.0
