ZL,error,Nseed,Nsample
0.07654794813373911,0.005699887845575731,2000.0,2000.0
