bulk_corr,error,tot_seed,sample
0.08763435693273855,0.00039584984075999503,2000,128000
