bulk_corr,error,tot_seed,sample
0.09277428630801023,0.0003574761755929811,2000,128000
