ZL,error,Nseed,Nsample
0.00193772221258052,0.0053774968688245234,2000.0,2000.0
