bulk_corr,error,tot_seed,sample
0.18392384626117328,0.0008853061548323017,2000,64000
