bulk_corr,error,tot_seed,sample
0.0038029872277332392,2.2924176961778035e-05,2000,512000
