ZL,error,Nseed,Nsample
0.9230750405424916,0.0016209375982631914,2000.0,2000.0
