ZL,error,Nseed,Nsample
0.8685504292046965,0.0010042773054560314,2000.0,2000.0
