ZL,error,Nseed,Nsample
0.779085805092135,0.0011688377457674526,2000.0,2000.0
