ZL,error,Nseed,Nsample
0.6441602157404444,0.001616893162191137,2000.0,2000.0
