bulk_corr,error,tot_seed,sample
0.02679741983903168,0.0001358353512335201,2000,256000
