bulk_corr,error,tot_seed,sample
0.0049288822444424184,5.1085463529172697e-05,2000,512000
