corr_etoe,error,Nseed,Nsample
1.1458085884764129,0.053732508624090514,1000,1000
