corr_etoe,error,Nseed,Nsample
1.8728697550358346,0.04225284413453744,1000,1000
