ZL,error,Nseed,Nsample
-0.1253985197897416,0.005521926904964241,2000.0,2000.0
