ZL,error,Nseed,Nsample
0.06364511307098497,0.0037264184919044182,2000.0,2000.0
