ZL,error,Nseed,Nsample
-0.05708826317099947,0.004819335751223812,2000.0,2000.0
