ZL,error,Nseed,Nsample
0.012000795821763928,0.004209099566177551,2000.0,2000.0
