corr_etoe,error,Nseed,Nsample
1.791075896989994,0.022409411729045908,2000,2000
