corr_etoe,error,Nseed,Nsample
1.4514402959814348,0.028190025652778408,2000,2000
