ZL,error,Nseed,Nsample
0.5751661711111331,0.006886077832213113,2000.0,2000.0
