ZL,error,Nseed,Nsample
0.4520865908210856,0.003802789131197306,2000.0,2000.0
