ZL,error,Nseed,Nsample
0.6010908895394238,0.008070818382012124,2000.0,2000.0
