ZL,error,Nseed,Nsample
0.5250954585308683,0.005409224864424945,2000.0,2000.0
