ZL,error,Nseed,Nsample
0.052473706513943945,0.00401398304845227,2000.0,2000.0
