ZL,error,Nseed,Nsample
0.08278564149765838,0.004089619114160795,2000.0,2000.0
