ZL,error,Nseed,Nsample
0.07616034835609699,0.004123445713953572,2000.0,2000.0
