ZL,error,Nseed,Nsample
0.0024458027827618262,0.0041203148948796035,2000.0,2000.0
