bulk_corr,error,tot_seed,sample
0.02100958224713765,7.727127374656369e-05,2000,256000
