ZL,error,Nseed,Nsample
0.172547493385163,0.009031879142400199,2000.0,2000.0
