bulk_corr,error,tot_seed,sample
0.005157982525742951,3.0319262408434848e-05,2000,512000
