ZL,error,Nseed,Nsample
0.7109763944853759,0.0019830403433097684,2000.0,2000.0
