ZL,error,Nseed,Nsample
0.8181428493699952,0.002149134149366247,2000.0,2000.0
