ZL,error,Nseed,Nsample
0.8770080441026792,0.0038532778755597614,2000.0,2000.0
