ZL,error,Nseed,Nsample
0.5491390437477521,0.0024015714518283997,2000.0,2000.0
