bulk_corr,error,tot_seed,sample
0.06379067292294599,0.00037590880521483583,2000,128000
