bulk_corr,error,tot_seed,sample
0.016846363432216845,8.0904524276911e-05,2000,256000
