ZL,error,Nseed,Nsample
-0.1213123591651348,0.005539496164986707,2000.0,2000.0
