ZL,error,Nseed,Nsample
-0.03638144637125872,0.005037630279493207,2000.0,2000.0
