ZL,error,Nseed,Nsample
0.056353161185704125,0.004509664163689419,2000.0,2000.0
