bulk_corr,error,tot_seed,sample
0.012808490078472927,4.805383647446401e-05,2000,256000
