ZL,error,Nseed,Nsample
0.39061845196725364,0.005995924707551228,2000.0,2000.0
