ZL,error,Nseed,Nsample
0.6508216084675971,0.0064646965142018484,2000.0,2000.0
