ZL,error,Nseed,Nsample
0.24843099838489338,0.0053529865614846215,2000.0,2000.0
