ZL,error,Nseed,Nsample
0.5469245810064802,0.005778785022127979,2000.0,2000.0
