ZL,error,Nseed,Nsample
0.3888656707146495,0.00701035780553036,2000.0,2000.0
