ZL,error,Nseed,Nsample
0.3501097249315371,0.005996044560427582,2000.0,2000.0
