ZL,error,Nseed,Nsample
0.19901883357645114,0.004990393963469275,2000.0,2000.0
