ZL,error,Nseed,Nsample
0.2595112663805548,0.005601530138814837,2000.0,2000.0
