bulk_corr,error,tot_seed,sample
0.0715835949347345,0.0002040318651555516,2000,128000
