bulk_corr,error,tot_seed,sample
0.08263578823939152,0.00019809274024323222,2000,128000
