bulk_corr,error,tot_seed,sample
0.0760569067081747,0.0003844610533814127,2000,128000
