bulk_corr,error,tot_seed,sample
0.08235057597477166,0.0003902074281827601,2000,128000
