bulk_corr,error,tot_seed,sample
0.08760541940820048,0.00037887527375727697,2000,128000
