bulk_corr,error,tot_seed,sample
0.026774057233781692,0.00014825576002395474,2000,256000
