ZL,error,Nseed,Nsample
-0.11607541387274319,0.008055267023419615,2000.0,2000.0
