ZL,error,Nseed,Nsample
0.07939778427911003,0.006613603041255683,2000.0,2000.0
