ZL,error,Nseed,Nsample
0.0106485077251238,0.0040055627619839185,2000.0,2000.0
