bulk_corr,error,tot_seed,sample
0.0033853290447478715,4.5370916970854216e-05,2000,512000
