corr_etoe,error,Nseed,Nsample
0.2679232542288084,0.012761303281098991,2000,2000
