corr_etoe,error,Nseed,Nsample
0.5537949979355056,0.017991896806981947,2000,2000
