bulk_corr,error,tot_seed,sample
0.034212741069320186,0.00013491017932905537,2000,256000
