corr_etoe,error,Nseed,Nsample
1.5122861424114045,0.02429910087795731,2000,2000
