corr_etoe,error,Nseed,Nsample
1.7744600978028204,0.018689115659936025,2000,2000
