corr_etoe,error,Nseed,Nsample
1.0315830595830395,0.027775984970502734,2000,2000
