bulk_corr,error,tot_seed,sample
0.006731299552809123,4.112632319802983e-05,2000,256000
