ZL,error,Nseed,Nsample
0.013913411488489794,0.0052491370851205366,2000.0,2000.0
