bulk_corr,error,tot_seed,sample
0.009421717323282,6.530027528361382e-05,2000,512000
