ZL,error,Nseed,Nsample
0.7327481724763891,0.0061482129147829665,2000.0,2000.0
