ZL,error,Nseed,Nsample
0.5897818031603876,0.004221924127123135,2000.0,1837.0
