bulk_corr,error,tot_seed,sample
0.05707832435226289,0.0001625365046574403,2000,256000
