ZL,error,Nseed,Nsample
0.005447332540091788,0.0034857393683187803,2000.0,2000.0
