ZL,error,Nseed,Nsample
0.035135917166277016,0.0038997189414325603,2000.0,2000.0
