ZL,error,Nseed,Nsample
0.021190307393136428,0.0035798548634365652,2000.0,2000.0
