bulk_corr,error,tot_seed,sample
0.17874792234149345,0.00046554699850895364,2000,64000
