bulk_corr,error,tot_seed,sample
0.038286227545322425,0.00016428826481933024,2000,256000
