corr_etoe,error,Nseed,Nsample
0.7869444099709965,0.013591771297959646,2000,2000
