bulk_corr,error,tot_seed,sample
0.1035617603607396,0.00034232920355982806,2000,128000
