corr_etoe,error,Nseed,Nsample
0.8748822476243233,0.016496247447825952,2000,2000
