corr_etoe,error,Nseed,Nsample
0.3577237543269703,0.012815719064529297,2000,2000
