corr_etoe,error,Nseed,Nsample
0.5233490509130427,0.014268685428079554,2000,2000
