corr_etoe,error,Nseed,Nsample
0.6896809375582459,0.015400489103028955,2000,2000
