ZL,error,Nseed,Nsample
0.15327108407900766,0.006952514764445457,2000.0,2000.0
