ZL,error,Nseed,Nsample
-0.04563290891119291,0.013925059612516655,2000.0,2000.0
