ZL,error,Nseed,Nsample
-0.14664292893695408,0.01617780941636587,2000.0,2000.0
