ZL,error,Nseed,Nsample
0.03184078588822629,0.010495528750911925,2000.0,2000.0
