ZL,error,Nseed,Nsample
0.5538881113926779,0.00564646275176142,2000.0,2000.0
