ZL,error,Nseed,Nsample
0.4326544714142707,0.005388350455211564,2000.0,2000.0
