ZL,error,Nseed,Nsample
0.6512189287836289,0.006389276511041009,2000.0,2000.0
