ZL,error,Nseed,Nsample
0.30653997362769164,0.0047740504703848545,2000.0,2000.0
