bulk_corr,error,tot_seed,sample
0.2586384934328908,0.0004853924490811477,2000,64000
