bulk_corr,error,tot_seed,sample
0.13362928196156024,0.00036869546554988845,2000,128000
