bulk_corr,error,tot_seed,sample
0.015316609343620934,0.00011173680586329026,2000,128000
