bulk_corr,error,tot_seed,sample
0.0039050826935696794,4.7308896210216684e-05,2000,512000
