ZL,error,Nseed,Nsample
-0.009100454275512723,0.003388808878991365,2000.0,1999.0
