ZL,error,Nseed,Nsample
-0.42600825093335665,0.00618470742921548,2000.0,2000.0
