ZL,error,Nseed,Nsample
-0.18650900835594275,0.005958122601738508,2000.0,2000.0
