ZL,error,Nseed,Nsample
-0.6149945499212898,0.00633587115301801,2000.0,2000.0
