ZL,error,Nseed,Nsample
-0.7165802803393025,0.007087654647281075,2000.0,2000.0
