ZL,error,Nseed,Nsample
-0.09248967466135398,0.005795572897139244,2000.0,2000.0
