ZL,error,Nseed,Nsample
0.09893579869753441,0.00467025138289182,2000.0,2000.0
