ZL,error,Nseed,Nsample
0.01595966823151661,0.005239723687718565,2000.0,2000.0
