corr_etoe,error,Nseed,Nsample
0.9072102969855936,0.02088705686664648,2000,2000
