corr_etoe,error,Nseed,Nsample
1.242325849962386,0.020921172416668663,2000,2000
