ZL,error,Nseed,Nsample
0.6346531755726827,0.00841773388875716,2000.0,2000.0
