ZL,error,Nseed,Nsample
0.050204532786574,0.003763712983333453,2000.0,2000.0
