ZL,error,Nseed,Nsample
0.00814830616192949,0.0037158960149342767,2000.0,2000.0
