ZL,error,Nseed,Nsample
-0.023336431665747493,0.003972350313693735,2000.0,2000.0
