bulk_corr,error,tot_seed,sample
0.024867604295943157,0.00015701462882078353,2000,256000
