ZL,error,Nseed,Nsample
0.04022852379215394,0.004189163410946426,2000.0,1975.0
