ZL,error,Nseed,Nsample
-0.0047088340139585065,0.0031622925526317873,2000.0,2000.0
