ZL,error,Nseed,Nsample
0.015786200010969132,0.0031500698001611766,2000.0,2000.0
