ZL,error,Nseed,Nsample
0.026192319576511153,0.0036130333332936994,2000.0,1998.0
