corr_etoe,error,Nseed,Nsample
0.24850084472628903,0.06632701019761306,1000,1000
