corr_etoe,error,Nseed,Nsample
0.5443902645991059,0.06619939521087022,1000,1000
