ZL,error,Nseed,Nsample
-0.08616297649090542,0.006526844065613461,2000.0,2000.0
