ZL,error,Nseed,Nsample
0.07762942311236208,0.005460518513140837,2000.0,2000.0
