bulk_corr,error,tot_seed,sample
0.00965082455854023,6.617156282365574e-05,2000,256000
