bulk_corr,error,tot_seed,sample
0.14057654468165426,0.0003678258599128157,2000,128000
