bulk_corr,error,tot_seed,sample
0.06202156875462442,0.0002847656224255513,2000,128000
