ZL,error,Nseed,Nsample
-0.19964093442922667,0.0071720245233176825,2000.0,1955.0
