ZL,error,Nseed,Nsample
-0.099044819093594,0.004891323574365735,2000.0,1999.0
