ZL,error,Nseed,Nsample
-0.03932073759841585,0.003987600773057832,2000.0,2000.0
