ZL,error,Nseed,Nsample
-0.16036282120584172,0.005840056069732765,2000.0,1980.0
