bulk_corr,error,tot_seed,sample
0.09381005467651296,0.0004195061876963718,2000,64000
