bulk_corr,error,tot_seed,sample
0.010233179657278784,4.875320146161798e-05,2000,256000
