corr_etoe,error,Nseed,Nsample
0.7219177850278364,0.017145473592193997,2000,2000
