ZL,error,Nseed,Nsample
0.6033475870972278,0.003327476993496196,2000.0,2000.0
