ZL,error,Nseed,Nsample
0.4208041726295805,0.003974479914027016,2000.0,2000.0
