ZL,error,Nseed,Nsample
0.8257757528715328,0.003873032690422361,2000.0,2000.0
