ZL,error,Nseed,Nsample
0.7304680997085157,0.0034771822163524495,2000.0,2000.0
