ZL,error,Nseed,Nsample
0.041160597691244555,0.0049754328974796385,2000.0,2000.0
