bulk_corr,error,tot_seed,sample
0.0837011227060197,0.0003815124978952553,2000,128000
