ZL,error,Nseed,Nsample
-0.21021224107551745,0.0055706212526893915,2000.0,2000.0
