ZL,error,Nseed,Nsample
-0.4021261153477147,0.005940484319795103,2000.0,2000.0
