bulk_corr,error,tot_seed,sample
0.019638474801099984,0.00014221443097089186,2000,256000
