corr_etoe,error,Nseed,Nsample
1.4820526270470156,0.020755521800546385,2000,2000
