corr_etoe,error,Nseed,Nsample
0.928319703918463,0.028089566854860214,2000,2000
