ZL,error,Nseed,Nsample
-0.05573990506450238,0.0064797627320981824,2000.0,2000.0
