ZL,error,Nseed,Nsample
-0.03819276032369794,0.004109439653914867,2000.0,2000.0
