ZL,error,Nseed,Nsample
-0.0050151784008035626,0.0032165427807677445,2000.0,2000.0
