ZL,error,Nseed,Nsample
-0.02873217055618276,0.0036612219990816617,2000.0,2000.0
