ZL,error,Nseed,Nsample
0.007844913474841427,0.003128869314517289,2000.0,2000.0
