corr_etoe,error,Nseed,Nsample
0.17651358364597242,0.01015059645649922,2000,2000
