corr_etoe,error,Nseed,Nsample
0.08215570560276811,0.006573754933253929,2000,2000
