corr_etoe,error,Nseed,Nsample
0.35185541543201587,0.013782912337617127,2000,2000
