bulk_corr,error,tot_seed,sample
0.03395415150722848,0.0001584472621695033,2000,128000
