bulk_corr,error,tot_seed,sample
0.02885249252693421,0.00015926114788663383,2000,256000
