corr_etoe,error,Nseed,Nsample
0.7924439411066007,0.025829349333670686,1000,1000
