corr_etoe,error,Nseed,Nsample
0.9928816376037066,0.026031268168938252,1000,1000
