bulk_corr,error,tot_seed,sample
0.004620914460807365,5.3866396977292844e-05,2000,512000
