bulk_corr,error,tot_seed,sample
0.023736883050856743,9.221134598379018e-05,2000,256000
