ZL,error,Nseed,Nsample
0.3477318932583916,0.01117348274599472,2000.0,2000.0
