ZL,error,Nseed,Nsample
-0.014979378532804193,0.004076223021003897,2000.0,2000.0
