bulk_corr,error,tot_seed,sample
0.004618685920784262,3.979787872022832e-05,2000,256000
