ZL,error,Nseed,Nsample
0.16409752183113516,0.009142230365468443,2000.0,2000.0
