ZL,error,Nseed,Nsample
0.24844992866445337,0.006497563845922605,2000.0,2000.0
