ZL,error,Nseed,Nsample
0.03548802061834303,0.011940814989758066,2000.0,2000.0
