ZL,error,Nseed,Nsample
-0.10450916878248769,0.01377472553014235,2000.0,2000.0
