corr_etoe,error,Nseed,Nsample
0.37901598723912633,0.011304501908442682,2000,2000
