corr_etoe,error,Nseed,Nsample
0.23948038647787318,0.009343129003779408,2000,2000
