corr_etoe,error,Nseed,Nsample
0.5754633604295865,0.014010519498470072,2000,2000
