bulk_corr,error,tot_seed,sample
0.059950776515353035,0.00028165251664876757,2000,128000
