ZL,error,Nseed,Nsample
0.3086433296996065,0.006006511922939067,2000.0,2000.0
