ZL,error,Nseed,Nsample
-0.04026009210767206,0.012045189991090586,2000.0,2000.0
