ZL,error,Nseed,Nsample
0.2275495674275462,0.008633325724637214,2000.0,2000.0
