ZL,error,Nseed,Nsample
0.1239805586592009,0.010609277528032944,2000.0,2000.0
