ZL,error,Nseed,Nsample
-0.007056945536451483,0.006375845192354673,2000.0,2000.0
