bulk_corr,error,tot_seed,sample
0.02912839461573927,0.0001627706957021139,2000,256000
