bulk_corr,error,tot_seed,sample
0.21673770147938398,0.0004886683495302314,2000,64000
