bulk_corr,error,tot_seed,sample
0.11838601011370313,0.00035509924733920906,2000,128000
