ZL,error,Nseed,Nsample
-0.3401976782555313,0.006989689495845755,2000.0,2000.0
