ZL,error,Nseed,Nsample
0.08031633460911634,0.006178726009461578,2000.0,2000.0
