ZL,error,Nseed,Nsample
-0.5232406267890514,0.00727991437212173,2000.0,2000.0
