ZL,error,Nseed,Nsample
-0.10636948828254723,0.007167792731097852,2000.0,2000.0
