bulk_corr,error,tot_seed,sample
0.20223217804552268,0.0008958409880284319,2000,64000
