ZL,error,Nseed,Nsample
0.012148161994330345,0.0032976985413741447,2000.0,2000.0
