ZL,error,Nseed,Nsample
-0.008691020974336864,0.0035020755483579106,2000.0,2000.0
