ZL,error,Nseed,Nsample
0.016090248991011014,0.0035533872980113004,2000.0,2000.0
