bulk_corr,error,tot_seed,sample
0.0931066550477144,0.0003357452482997772,2000,128000
