corr_etoe,error,Nseed,Nsample
0.05937683627264409,0.005441321379115039,2000,2000
