corr_etoe,error,Nseed,Nsample
0.1559916489950631,0.007717850977708459,3000,3000
