corr_etoe,error,Nseed,Nsample
0.3102425923066148,0.010925777715376183,3000,3000
