corr_etoe,error,Nseed,Nsample
0.011022854916207329,0.004092649448398661,1000,1000
