corr_etoe,error,Nseed,Nsample
0.7710568118934639,0.01765678043180725,2000,2000
