corr_etoe,error,Nseed,Nsample
0.6031471310514582,0.017006672003901026,2000,2000
