bulk_corr,error,tot_seed,sample
0.16225082214397094,0.0004225522899258274,2000,64000
