ZL,error,Nseed,Nsample
-0.04084580397076215,0.006562161767741703,2000.0,2000.0
