ZL,error,Nseed,Nsample
-0.263459136913734,0.00716773638350811,2000.0,2000.0
