ZL,error,Nseed,Nsample
0.04602879723425933,0.0037798108702279125,2000.0,2000.0
