ZL,error,Nseed,Nsample
-0.01814652490710411,0.004027417072033466,2000.0,2000.0
