ZL,error,Nseed,Nsample
0.01029085446314693,0.003783157499639879,2000.0,2000.0
