bulk_corr,error,tot_seed,sample
0.09394499858619677,0.0004014653078421767,2000,128000
