bulk_corr,error,tot_seed,sample
0.20921499705582813,0.0008962004867793662,2000,64000
