ZL,error,Nseed,Nsample
-0.014116851504413412,0.004517930254724003,2000.0,2000.0
