ZL,error,Nseed,Nsample
0.2829746732653398,0.00970635361025958,2000.0,2000.0
