ZL,error,Nseed,Nsample
0.2502920217117504,0.012984784017755106,2000.0,2000.0
