ZL,error,Nseed,Nsample
0.33617426063117634,0.005823370033163724,2000.0,2000.0
