ZL,error,Nseed,Nsample
0.2226508981974884,0.01572540845078405,2000.0,2000.0
