ZL,error,Nseed,Nsample
0.022286726643312226,0.003995694611020178,2000.0,2000.0
