ZL,error,Nseed,Nsample
0.007358203713805417,0.0036995840715068613,2000.0,2000.0
