bulk_corr,error,tot_seed,sample
0.08260905743128114,0.00039983716134457626,2000,64000
