corr_etoe,error,Nseed,Nsample
0.2779308716027665,0.010481930986784136,3000,3000
