corr_etoe,error,Nseed,Nsample
0.050516642909932734,0.005472668228396561,2000,2000
