corr_etoe,error,Nseed,Nsample
0.14312670556043663,0.007720705546709655,3000,3000
