corr_etoe,error,Nseed,Nsample
0.010601937532741008,0.004265350428591605,1000,1000
