corr_etoe,error,Nseed,Nsample
0.5564010284369578,0.013581826757407104,2000,2000
