corr_etoe,error,Nseed,Nsample
0.6912687766501742,0.01497860553904192,2000,2000
