corr_etoe,error,Nseed,Nsample
0.3908687970795498,0.02327436880885883,500,500
