bulk_corr,error,tot_seed,sample
0.0407080622992085,0.00020925084118502684,2000,128000
