bulk_corr,error,tot_seed,sample
0.010226224553113204,9.365699253479784e-05,2000,128000
