ZL,error,Nseed,Nsample
0.8030632900453204,0.001195285187437051,2000.0,2000.0
