ZL,error,Nseed,Nsample
0.8827454472281923,0.0012385974887230934,2000.0,2000.0
