ZL,error,Nseed,Nsample
0.6822636696241361,0.0009378370091484377,2000.0,2000.0
