ZL,error,Nseed,Nsample
0.9325378911629895,0.0013912471752236142,2000.0,2000.0
