bulk_corr,error,tot_seed,sample
0.006674934157862788,5.8563546153808784e-05,2000,512000
