bulk_corr,error,tot_seed,sample
0.006692950532578532,5.595846903017555e-05,2000,511744
