ZL,error,Nseed,Nsample
0.09805856023534537,0.0047091185083155025,2000.0,2000.0
