ZL,error,Nseed,Nsample
0.11596231146910922,0.004958749215184649,2000.0,2000.0
