ZL,error,Nseed,Nsample
0.10574830650128325,0.005187651798105518,2000.0,2000.0
