ZL,error,Nseed,Nsample
0.12096620059445362,0.005240480128467048,2000.0,2000.0
