bulk_corr,error,tot_seed,sample
0.20103474410186384,0.0008874516114579027,2000,64000
