corr_etoe,error,Nseed,Nsample
0.0398614863760036,0.0050791625712194935,2000,1998
