corr_etoe,error,Nseed,Nsample
0.11598189720286545,0.0071658224102920266,3000,2999
