corr_etoe,error,Nseed,Nsample
0.23030336208401378,0.009775564835112847,3000,3000
