ZL,error,Nseed,Nsample
0.11102192928651962,0.004549943916955286,2000.0,2000.0
