ZL,error,Nseed,Nsample
0.11087907235801239,0.004272087909486089,2000.0,2000.0
