ZL,error,Nseed,Nsample
0.09158948063622109,0.004611372705286225,2000.0,2000.0
