ZL,error,Nseed,Nsample
0.0515421624005034,0.004606193560575542,2000.0,2000.0
