bulk_corr,error,tot_seed,sample
0.0752656843360027,0.0003719090079961494,2000,128000
