bulk_corr,error,tot_seed,sample
0.12408127058309668,0.00035826042745456063,2000,128000
