bulk_corr,error,tot_seed,sample
0.05354609066322137,0.00019677362741711037,2000,128000
