bulk_corr,error,tot_seed,sample
0.22581736683555445,0.0008674770639398282,2000,64000
