bulk_corr,error,tot_seed,sample
0.028994282768597873,0.00013749408575756196,2000,128000
