ZL,error,Nseed,Nsample
-0.13837837089917177,0.006815819480664109,2000.0,2000.0
