ZL,error,Nseed,Nsample
0.030383232682833987,0.006531422571165498,2000.0,2000.0
