ZL,error,Nseed,Nsample
0.15376610027323298,0.005655687635307318,2000.0,2000.0
