bulk_corr,error,tot_seed,sample
0.25235146149100124,0.0008220046122430377,2000,64000
