bulk_corr,error,tot_seed,sample
0.09036492700800543,0.0002704318060510513,2000,128000
