ZL,error,Nseed,Nsample
0.14814727510533135,0.005611424709149914,2000.0,2000.0
