ZL,error,Nseed,Nsample
0.1924689919160456,0.004835630259690105,2000.0,2000.0
