ZL,error,Nseed,Nsample
0.05284922047396155,0.006396114929635663,2000.0,2000.0
