ZL,error,Nseed,Nsample
0.19340117596640338,0.004249558623244624,2000.0,2000.0
