ZL,error,Nseed,Nsample
-0.4738224846902564,0.004077062141762818,2000.0,2000.0
