ZL,error,Nseed,Nsample
-0.673728252699478,0.004064502962895739,2000.0,2000.0
