ZL,error,Nseed,Nsample
-0.7977454262264114,0.007550608365477687,2000.0,2000.0
