ZL,error,Nseed,Nsample
-0.7672412061498574,0.005713294811620909,2000.0,2000.0
