bulk_corr,error,tot_seed,sample
0.03293539243250691,0.00016474413889680704,2000,256000
