corr_etoe,error,Nseed,Nsample
0.9972973233504382,0.013134746441438087,2000,2000
