corr_etoe,error,Nseed,Nsample
0.8400264948420835,0.01476682919075043,2000,2000
