corr_etoe,error,Nseed,Nsample
1.1125754616123797,0.032364208896822164,2000,2000
