corr_etoe,error,Nseed,Nsample
1.6303689454111652,0.025323981020325865,2000,2000
