corr_etoe,error,Nseed,Nsample
0.7817180995827601,0.03263626759850249,2000,2000
