corr_etoe,error,Nseed,Nsample
0.4804533058773231,0.025294301318813935,2000,2000
