corr_etoe,error,Nseed,Nsample
1.0701704883079248,0.023579561652379576,2000,2000
