corr_etoe,error,Nseed,Nsample
1.4723824548979625,0.015864817159562075,2000,2000
