bulk_corr,error,tot_seed,sample
0.010103028712057283,4.8563723276932564e-05,2000,256000
