bulk_corr,error,tot_seed,sample
0.0976977206521285,0.00040757874390779286,2000,128000
