corr_etoe,error,Nseed,Nsample
0.2709252094783293,0.01011959074803191,3000,3000
