corr_etoe,error,Nseed,Nsample
0.010406992374358374,0.004378912646250462,1000,998
