corr_etoe,error,Nseed,Nsample
0.05233648199162938,0.005479036490059962,2000,2000
