corr_etoe,error,Nseed,Nsample
0.12853601150635705,0.006959688166156768,3000,3000
