corr_etoe,error,Nseed,Nsample
0.4488685749287004,0.045575562275532264,2000,2000
