corr_etoe,error,Nseed,Nsample
0.16583239126026725,0.029367964153795036,2000,2000
