corr_etoe,error,Nseed,Nsample
0.37904449168840476,0.04628778657924053,2000,2000
