bulk_corr,error,tot_seed,sample
0.027311410381147715,0.00016281747986722977,2000,256000
