corr_etoe,error,Nseed,Nsample
0.19529858800155983,0.01012933817928946,2000,2000
