corr_etoe,error,Nseed,Nsample
0.034873403027763254,0.004507191566902936,2000,2000
