corr_etoe,error,Nseed,Nsample
0.34652347868772687,0.012894628341842502,2000,2000
