corr_etoe,error,Nseed,Nsample
0.10404204878445827,0.00734069441166665,2000,2000
