bulk_corr,error,tot_seed,sample
0.0010708094175895452,7.033927032163402e-05,2000,128000
