ZL,error,Nseed,Nsample
-0.6601670691667042,0.004193072620410433,2000.0,2000.0
