ZL,error,Nseed,Nsample
-0.7879974726493723,0.007823890131305663,2000.0,2000.0
