ZL,error,Nseed,Nsample
-0.45754297028466034,0.0041875239319148685,2000.0,2000.0
