ZL,error,Nseed,Nsample
-0.7619751567924073,0.00574913815431928,2000.0,2000.0
