bulk_corr,error,tot_seed,sample
0.02141771242367767,0.00014587488669438452,2000,256000
