ZL,error,Nseed,Nsample
-0.010986313090669985,0.003877025289607636,2000.0,2000.0
