bulk_corr,error,tot_seed,sample
0.007145037949305612,4.900243815603526e-05,2000,256000
