ZL,error,Nseed,Nsample
-0.2917917602104183,0.007009697604593802,2000.0,2000.0
