ZL,error,Nseed,Nsample
-0.155233682748352,0.006457342112670987,2000.0,2000.0
