ZL,error,Nseed,Nsample
0.11260279370661914,0.004765195013826386,2000.0,2000.0
