ZL,error,Nseed,Nsample
-0.0020900329005274104,0.005965364372511959,2000.0,2000.0
