ZL,error,Nseed,Nsample
0.38976180697037127,0.006467327564415646,2000.0,2000.0
