ZL,error,Nseed,Nsample
0.37245599591690376,0.007932344523357159,2000.0,2000.0
