ZL,error,Nseed,Nsample
0.3696988674335443,0.004985969064617775,2000.0,2000.0
