ZL,error,Nseed,Nsample
0.3126973809670854,0.004140280075180025,2000.0,2000.0
