ZL,error,Nseed,Nsample
0.08058238488140539,0.006102615833999762,2000.0,2000.0
