ZL,error,Nseed,Nsample
-0.050422857684407074,0.00659794010474346,2000.0,2000.0
