ZL,error,Nseed,Nsample
0.17079611100368716,0.005210979455056507,2000.0,2000.0
