ZL,error,Nseed,Nsample
0.19400303258960142,0.004328727439276441,2000.0,2000.0
