ZL,error,Nseed,Nsample
0.48915014455899103,0.00327823317715311,2000.0,2000.0
