ZL,error,Nseed,Nsample
0.7898037737122225,0.0024771248332405684,2000.0,2000.0
