ZL,error,Nseed,Nsample
0.8593742643617076,0.0037431717625807715,2000.0,2000.0
