ZL,error,Nseed,Nsample
0.6629774164911958,0.0027454656645532487,2000.0,2000.0
