bulk_corr,error,tot_seed,sample
0.019218886707995264,6.84522008955818e-05,2000,256000
