corr_etoe,error,Nseed,Nsample
0.11435784468206925,0.006944035191582426,3000,3000
