corr_etoe,error,Nseed,Nsample
0.25486638961486363,0.010447282398614428,3000,3000
