corr_etoe,error,Nseed,Nsample
0.037387873952835424,0.00501688717237634,2000,2000
