bulk_corr,error,tot_seed,sample
0.000507580482703929,1.1444600127143239e-05,2000,512000
