corr_etoe,error,Nseed,Nsample
1.3521902158573071,0.014941827298174708,2000,2000
