corr_etoe,error,Nseed,Nsample
1.1095212714448,0.017880961922852514,2000,2000
