bulk_corr,error,tot_seed,sample
0.1394202338322848,0.00036837913403862385,2000,128000
