ZL,error,Nseed,Nsample
-0.0044760189479248385,0.003128558261375794,2000.0,1998.0
