ZL,error,Nseed,Nsample
-0.0040201519285735215,0.003623080689032478,2000.0,1990.0
