ZL,error,Nseed,Nsample
-0.025037596077593375,0.0036675222916085926,2000.0,1992.0
