ZL,error,Nseed,Nsample
-0.03714167613248044,0.004221056802066897,2000.0,1969.0
