ZL,error,Nseed,Nsample
0.005586395938045511,0.0030808129381392478,2000.0,2000.0
