ZL,error,Nseed,Nsample
-0.010714664423600914,0.0032726203311683696,2000.0,2000.0
