bulk_corr,error,tot_seed,sample
0.21027943908066957,0.000874324914997153,2000,64000
