bulk_corr,error,tot_seed,sample
0.022515515605857246,0.00012460370090260097,2000,128000
