corr_etoe,error,Nseed,Nsample
1.64158285315037,0.022170123834717444,2000,2000
