corr_etoe,error,Nseed,Nsample
1.1450548113004995,0.0259268900694953,2000,2000
