bulk_corr,error,tot_seed,sample
0.18442342307568807,0.0008896356591522809,2000,64000
