bulk_corr,error,tot_seed,sample
0.010502507822766417,6.578939877604263e-05,2000,512000
