bulk_corr,error,tot_seed,sample
0.05716923081536923,0.0001633110529055956,2000,256000
