bulk_corr,error,tot_seed,sample
0.0009399549259455609,9.503104631101574e-06,2000,512000
