bulk_corr,error,tot_seed,sample
0.027849262626849336,0.00015804540154557996,2000,256000
