corr_etoe,error,Nseed,Nsample
0.30885193545109824,0.01223410093455063,2000,2000
