corr_etoe,error,Nseed,Nsample
0.0814698803948842,0.006560789561440933,2000,2000
