corr_etoe,error,Nseed,Nsample
0.18176984807184454,0.009891173227434016,2000,2000
