bulk_corr,error,tot_seed,sample
0.06037543484496555,0.0002187851074034099,1000,64000
