corr_etoe,error,Nseed,Nsample
0.270332152308491,0.011805115590029232,2000,2000
