corr_etoe,error,Nseed,Nsample
0.07586633667941076,0.009993900195840713,1000,962
