corr_etoe,error,Nseed,Nsample
0.15438244855331298,0.013235519518172607,1000,1000
