ZL,error,Nseed,Nsample
-0.5313015146680741,0.007330010016427199,2000.0,2000.0
