ZL,error,Nseed,Nsample
-0.01794628019771165,0.005597435169411174,2000.0,2000.0
