ZL,error,Nseed,Nsample
-0.38990546905420154,0.006361010072072419,2000.0,2000.0
