ZL,error,Nseed,Nsample
-0.20411274138756325,0.00615519505024939,2000.0,2000.0
