bulk_corr,error,tot_seed,sample
0.13728865539335106,0.0003673543121375856,2000,128000
