bulk_corr,error,tot_seed,sample
0.046689124698253336,0.00014804249346314768,2000,128000
