bulk_corr,error,tot_seed,sample
0.02892539702214272,0.00014928006068058546,2000,256000
