bulk_corr,error,tot_seed,sample
0.0105272221071363,9.986581198190369e-05,2000,128000
