ZL,error,Nseed,Nsample
0.0328246426803937,0.0035819532521954387,2000.0,2000.0
