ZL,error,Nseed,Nsample
0.006699027660597969,0.0035793980075433584,2000.0,2000.0
