ZL,error,Nseed,Nsample
-0.024369672512479543,0.0040002178431127675,2000.0,1999.0
