corr_etoe,error,Nseed,Nsample
0.3499545988429699,0.011106000259656676,2000,2000
