corr_etoe,error,Nseed,Nsample
0.702732304997684,0.015163100655435632,2000,2000
