corr_etoe,error,Nseed,Nsample
0.5236998535434839,0.013352769392046314,2000,2000
