corr_etoe,error,Nseed,Nsample
0.19715988419685462,0.009589532597651728,2000,2000
