bulk_corr,error,tot_seed,sample
0.015981318273516162,6.616898299284631e-05,2000,256000
