bulk_corr,error,tot_seed,sample
0.040406297555116794,0.00016952193977085324,2000,128000
