corr_etoe,error,Nseed,Nsample
0.3468463861796485,0.048942953563799275,2000,2000
