corr_etoe,error,Nseed,Nsample
0.004352325647784045,0.012099554610481506,2000,2000
