corr_etoe,error,Nseed,Nsample
0.15711135583351893,0.031129307359876332,2000,2000
