corr_etoe,error,Nseed,Nsample
1.5631375837634878,0.018127881935222724,2000,2000
