corr_etoe,error,Nseed,Nsample
1.1449014231715375,0.02606717867471521,2000,2000
