corr_etoe,error,Nseed,Nsample
0.5320936909486799,0.027984814482476323,2000,2000
