corr_etoe,error,Nseed,Nsample
0.7270836854950689,0.017980250148887156,2000,2000
