corr_etoe,error,Nseed,Nsample
0.5151628266900079,0.015952833354691838,2000,2000
