ZL,error,Nseed,Nsample
0.0023240508537881637,0.004834092813281121,2000.0,2000.0
