corr_etoe,error,Nseed,Nsample
0.1160820122006017,0.007583610067154979,2000,2000
