corr_etoe,error,Nseed,Nsample
0.39156452164717603,0.0128773290403969,2000,2000
