corr_etoe,error,Nseed,Nsample
0.21983699630062567,0.010074649221898118,2000,2000
