bulk_corr,error,tot_seed,sample
0.002150671384008987,1.8724932211130946e-05,2000,512000
