bulk_corr,error,tot_seed,sample
0.010176147869040452,4.4442588606638296e-05,2000,256000
