bulk_corr,error,tot_seed,sample
0.010297298367255067,4.900918817728317e-05,2000,256000
