bulk_corr,error,tot_seed,sample
0.0019429813709470531,1.5206124779682836e-05,2000,512000
