bulk_corr,error,tot_seed,sample
0.018972034236504093,6.529918337735373e-05,2000,256000
