corr_etoe,error,Nseed,Nsample
0.24854537372149116,0.010514720640844154,2000,2000
