corr_etoe,error,Nseed,Nsample
0.3953389800627822,0.012650481129428365,2000,2000
