corr_etoe,error,Nseed,Nsample
0.150336294831355,0.00847480706426017,2000,2000
