ZL,error,Nseed,Nsample
-0.03949519467197009,0.003908665069072913,2000.0,2000.0
