ZL,error,Nseed,Nsample
-0.07720071520072608,0.004683561663884036,2000.0,1980.0
