ZL,error,Nseed,Nsample
-0.006960921256329536,0.003541070856404139,2000.0,2000.0
