ZL,error,Nseed,Nsample
-0.10065598872692573,0.005531557623570215,2000.0,1943.0
