corr_etoe,error,Nseed,Nsample
0.6377104561875366,0.01804338650367818,2000,2000
