corr_etoe,error,Nseed,Nsample
0.3934565505676009,0.014931247544097926,2000,2000
