ZL,error,Nseed,Nsample
0.3229930354758112,0.014917453917342208,2000.0,2000.0
