ZL,error,Nseed,Nsample
0.35546726630898035,0.01216948811767544,2000.0,2000.0
