ZL,error,Nseed,Nsample
0.3678740335916862,0.008993174262703607,2000.0,2000.0
