bulk_corr,error,tot_seed,sample
0.21453789101808357,0.0006434717927967539,2000,64000
