ZL,error,Nseed,Nsample
0.5412248451059151,0.0044403319533483435,2000.0,1657.0
