ZL,error,Nseed,Nsample
0.08894048845247983,0.0039840925934845235,2000.0,2000.0
