ZL,error,Nseed,Nsample
-0.042094934069300476,0.004955972806510135,2000.0,2000.0
