ZL,error,Nseed,Nsample
-0.11715913108009894,0.005695385238472856,2000.0,2000.0
