ZL,error,Nseed,Nsample
0.04324064472905624,0.00435782701603003,2000.0,2000.0
