corr_etoe,error,Nseed,Nsample
0.7410389728583991,0.018346739081246316,2000,2000
