corr_etoe,error,Nseed,Nsample
1.1797384249386522,0.01622360224066266,2000,2000
