corr_etoe,error,Nseed,Nsample
1.3369691468820262,0.047748059785343244,1000,1000
