corr_etoe,error,Nseed,Nsample
1.8305173823375338,0.03783169765006486,1000,1000
