corr_etoe,error,Nseed,Nsample
1.0086609671339575,0.02845630760061643,2000,2000
