corr_etoe,error,Nseed,Nsample
1.8025506053696474,0.01883768632528596,2000,2000
