corr_etoe,error,Nseed,Nsample
1.4739205316933344,0.02544902702508524,2000,2000
