bulk_corr,error,tot_seed,sample
0.01564203819152269,8.253764557003456e-05,1000,128000
