corr_etoe,error,Nseed,Nsample
0.03781400346628001,0.004446229331553388,2000,2000
