corr_etoe,error,Nseed,Nsample
0.35832492198299065,0.01280542280612771,2000,2000
