corr_etoe,error,Nseed,Nsample
0.10193278356515402,0.006750457979158916,2000,2000
