bulk_corr,error,tot_seed,sample
0.03689708940389376,0.00016850470768766033,2000,256000
