bulk_corr,error,tot_seed,sample
0.019020419680495844,0.0001418001803048055,2000,256000
