ZL,error,Nseed,Nsample
-0.012597243832919793,0.005458438760097546,2000.0,2000.0
