ZL,error,Nseed,Nsample
0.04075487338235207,0.004109010196034645,2000.0,1998.0
