ZL,error,Nseed,Nsample
0.01964175518873546,0.0035154659882561303,2000.0,2000.0
