ZL,error,Nseed,Nsample
-0.007859350488224295,0.0032706476139138653,2000.0,2000.0
