ZL,error,Nseed,Nsample
-0.024430659278448223,0.003250393445130947,2000.0,2000.0
