bulk_corr,error,tot_seed,sample
0.0017600242730877963,1.8380439650991367e-05,2000,512000
