bulk_corr,error,tot_seed,sample
0.09559763176127814,0.00037999460401877264,2000,128000
