corr_etoe,error,Nseed,Nsample
0.31020666843726435,0.01325394156311796,2000,2000
