corr_etoe,error,Nseed,Nsample
0.10631894608437759,0.008780144068635901,2000,2000
