corr_etoe,error,Nseed,Nsample
0.4753522980806721,0.015798820502101414,2000,2000
