ZL,error,Nseed,Nsample
0.21405917827683285,0.008111783881340888,2000.0,2000.0
