ZL,error,Nseed,Nsample
-0.10015263047484022,0.011043860787411462,2000.0,2000.0
