ZL,error,Nseed,Nsample
0.07546382943720933,0.009995117060672408,2000.0,2000.0
