ZL,error,Nseed,Nsample
0.29313105707745774,0.005762922254544216,2000.0,2000.0
