corr_etoe,error,Nseed,Nsample
0.09473196499909128,0.006115886367935253,2000,2000
