corr_etoe,error,Nseed,Nsample
0.480875805820727,0.01325107554159498,2000,2000
