corr_etoe,error,Nseed,Nsample
0.31382163660016094,0.010853842393426698,2000,2000
