corr_etoe,error,Nseed,Nsample
0.17721784763908283,0.008419091852746656,2000,2000
