bulk_corr,error,tot_seed,sample
0.056052903095468724,0.00018501232555605008,2000,128000
