bulk_corr,error,tot_seed,sample
0.008542903267672429,6.272349529547418e-05,2000,512000
