ZL,error,Nseed,Nsample
0.12821623211946231,0.004516414672164936,2000.0,2000.0
