ZL,error,Nseed,Nsample
0.08815735095267285,0.005002252665069729,2000.0,2000.0
