ZL,error,Nseed,Nsample
0.145667481038212,0.0040037671912109525,2000.0,2000.0
