bulk_corr,error,tot_seed,sample
0.060404415445554305,0.00034307860069388696,2000,128000
