bulk_corr,error,tot_seed,sample
0.03678597552152738,0.00017071307775287108,2000,256000
