corr_etoe,error,Nseed,Nsample
0.4375093634693831,0.013157750280831442,2000,2000
