corr_etoe,error,Nseed,Nsample
0.16265185496747345,0.008511665050541661,2000,2000
