corr_etoe,error,Nseed,Nsample
0.06690033319668863,0.006022369489717774,2000,2000
