corr_etoe,error,Nseed,Nsample
0.2723103631510606,0.010544185521211316,2000,2000
