ZL,error,Nseed,Nsample
0.5363553159815607,0.0026713037541027614,2000.0,2000.0
