ZL,error,Nseed,Nsample
0.6809249613600723,0.002576627203333318,2000.0,2000.0
