ZL,error,Nseed,Nsample
0.7934730973758491,0.0029771879961880657,2000.0,2000.0
