ZL,error,Nseed,Nsample
0.8590986808635442,0.003901206858533675,2000.0,2000.0
