bulk_corr,error,tot_seed,sample
0.011050629458791459,5.479069048241069e-05,2000,256000
