corr_etoe,error,Nseed,Nsample
0.14431636933059172,0.007752427002791112,3000,3000
