corr_etoe,error,Nseed,Nsample
0.010150669773715744,0.0038912849741619365,1000,1000
