corr_etoe,error,Nseed,Nsample
0.05496297372761943,0.0055486340056638455,2000,2000
