corr_etoe,error,Nseed,Nsample
0.2822651886315795,0.010554567547677432,3000,3000
