bulk_corr,error,tot_seed,sample
0.18415737922912367,0.00040501964177941445,2000,64000
