bulk_corr,error,tot_seed,sample
0.0004593747084788959,2.396843435468532e-05,2000,256000
