bulk_corr,error,tot_seed,sample
0.00805375555687434,5.5082182873919525e-05,2000,512000
