ZL,error,Nseed,Nsample
-0.03565643229073099,0.01060666407574423,2000.0,2000.0
