ZL,error,Nseed,Nsample
-0.20981733773318823,0.0160259753768979,2000.0,2000.0
