ZL,error,Nseed,Nsample
0.08997258476605509,0.007120786553899878,2000.0,2000.0
