ZL,error,Nseed,Nsample
-0.16365134454045507,0.013547674401870205,2000.0,2000.0
