bulk_corr,error,tot_seed,sample
0.19169518541566907,0.0005085325609865185,2000,64000
