corr_etoe,error,Nseed,Nsample
0.5740335367015241,0.04097869181105667,2000,2000
