corr_etoe,error,Nseed,Nsample
1.5313501389307584,0.035348687911207995,2000,2000
