corr_etoe,error,Nseed,Nsample
0.7944756324279987,0.040809578072628035,2000,2000
