bulk_corr,error,tot_seed,sample
0.026253215044204404,0.0001476431209992847,2000,256000
