bulk_corr,error,tot_seed,sample
0.007609664831199077,4.4272448995741756e-05,2000,512000
