ZL,error,Nseed,Nsample
-0.13371596428897567,0.0062178272376586215,2000.0,2000.0
