corr_etoe,error,Nseed,Nsample
0.706980931397317,0.017442686652849038,2000,2000
