corr_etoe,error,Nseed,Nsample
0.8207065475390988,0.017292796365075577,2000,2000
