corr_etoe,error,Nseed,Nsample
1.03638845127329,0.0270801332945096,2000,2000
