corr_etoe,error,Nseed,Nsample
1.6754214304470763,0.0244474119630251,2000,2000
