ZL,error,Nseed,Nsample
-0.015579233138623614,0.0034876896189529882,2000.0,2000.0
