ZL,error,Nseed,Nsample
0.0035939700778466178,0.0032646872847460332,2000.0,2000.0
