ZL,error,Nseed,Nsample
-0.03395894814483612,0.0038968707309393015,2000.0,1999.0
