ZL,error,Nseed,Nsample
0.028675212682643912,0.0032992395461352384,2000.0,2000.0
