bulk_corr,error,tot_seed,sample
0.08811073990790605,0.00035982658349262135,2000,128000
