corr_etoe,error,Nseed,Nsample
0.4976060556159875,0.013073106398680794,2000,2000
