corr_etoe,error,Nseed,Nsample
0.33709501476801884,0.010781897613829973,2000,2000
