corr_etoe,error,Nseed,Nsample
0.09966356374354772,0.006438503454062733,2000,2000
