corr_etoe,error,Nseed,Nsample
0.225311776535744,0.009064317060173285,2000,2000
