corr_etoe,error,Nseed,Nsample
0.2710632399154147,0.010914619377090234,3000,3000
