corr_etoe,error,Nseed,Nsample
0.12653996861041508,0.007626853794264407,3000,3000
