corr_etoe,error,Nseed,Nsample
0.05003900291644178,0.005530068404782251,2000,1999
