bulk_corr,error,tot_seed,sample
0.2658787682978669,0.0008207968180765639,2000,64000
