bulk_corr,error,tot_seed,sample
0.02351857190334599,0.00014598175418843924,2000,256000
