corr_etoe,error,Nseed,Nsample
0.1320385593839845,0.007294795134187443,3000,3000
