corr_etoe,error,Nseed,Nsample
0.13620242644557082,0.016586776681991707,1400,650
