corr_etoe,error,Nseed,Nsample
0.0442009648763177,0.008127401532136742,1600,750
