corr_etoe,error,Nseed,Nsample
0.2576771990962504,0.010352306505067453,3000,3000
