corr_etoe,error,Nseed,Nsample
0.006769387497495315,0.0034453478266080247,1000,1000
