corr_etoe,error,Nseed,Nsample
0.04366945698028549,0.005247836243536641,2000,2000
