corr_etoe,error,Nseed,Nsample
0.04605774751971695,0.005819414859021894,2000,1998
