corr_etoe,error,Nseed,Nsample
0.12379526219751559,0.007496080051292929,3000,3000
