corr_etoe,error,Nseed,Nsample
0.2532948098151786,0.010385961266188072,3000,3000
