bulk_corr,error,tot_seed,sample
0.07644208419917081,0.0003886106585847327,2000,128000
