ZL,error,Nseed,Nsample
-0.7200670913039846,0.0063951116504472934,2000.0,2000.0
