ZL,error,Nseed,Nsample
-0.7324600034418839,0.008589540956754741,2000.0,1995.0
