ZL,error,Nseed,Nsample
-0.6134395872490358,0.004625103616904791,2000.0,2000.0
