ZL,error,Nseed,Nsample
-0.4082575735062998,0.004920694559382196,2000.0,2000.0
