corr_etoe,error,Nseed,Nsample
1.207483483214,0.03292957170866097,2000,2000
