corr_etoe,error,Nseed,Nsample
1.77486946596386,0.024864007626197653,2000,2000
