bulk_corr,error,tot_seed,sample
0.06039890318215092,0.00016989595781996157,2000,128000
