bulk_corr,error,tot_seed,sample
0.028131489481910677,0.00015648341042298774,2000,256000
