bulk_corr,error,tot_seed,sample
0.19208182828878614,0.0008877295476478286,2000,64000
