ZL,error,Nseed,Nsample
0.007880512382426659,0.0034270138808832258,2000.0,2000.0
