ZL,error,Nseed,Nsample
0.014053404376170388,0.003770688354591989,2000.0,2000.0
