ZL,error,Nseed,Nsample
0.002096917895020538,0.003199193937992242,2000.0,2000.0
