ZL,error,Nseed,Nsample
0.0037122731521387485,0.00400167317583486,2000.0,2000.0
