bulk_corr,error,tot_seed,sample
0.007952814667121543,6.196698533251497e-05,2000,512000
