bulk_corr,error,tot_seed,sample
0.028566013762276587,0.00015948498589425902,2000,256000
