bulk_corr,error,tot_seed,sample
0.26481304719589216,0.0007681833019174202,2000,64000
