ZL,error,Nseed,Nsample
0.1919154447552375,0.0042565195508226525,2000.0,2000.0
