ZL,error,Nseed,Nsample
0.12984858788291168,0.00839108917422013,1000.0,1000.0
