ZL,error,Nseed,Nsample
-0.01154068239316499,0.009588099470594101,1000.0,977.0
