ZL,error,Nseed,Nsample
0.18296045742842867,0.005039641766568014,2000.0,2000.0
