corr_etoe,error,Nseed,Nsample
1.737077924036693,0.016884745446171422,2000,2000
