corr_etoe,error,Nseed,Nsample
1.131544485491628,0.025468498751949287,2000,2000
