corr_etoe,error,Nseed,Nsample
1.4978350109358196,0.020278717582507735,2000,2000
