corr_etoe,error,Nseed,Nsample
0.13017203366516683,0.007628629561409765,2000,2000
