corr_etoe,error,Nseed,Nsample
0.05257283067269794,0.005017913808260256,2000,2000
