corr_etoe,error,Nseed,Nsample
0.3887852887753743,0.013075952558736465,2000,2000
