corr_etoe,error,Nseed,Nsample
0.2330056827593822,0.010282702354554,2000,2000
