bulk_corr,error,tot_seed,sample
0.009028375344592781,6.270776057102059e-05,2000,512000
