bulk_corr,error,tot_seed,sample
0.1901338608246971,0.000886691921793423,2000,64000
