bulk_corr,error,tot_seed,sample
0.1724940461654713,0.0003408729682354294,2000,64000
