bulk_corr,error,tot_seed,sample
0.2841167148500362,0.0007669687767444829,2000,64000
