corr_etoe,error,Nseed,Nsample
0.7541524166589082,0.0342610877159273,2000,2000
