corr_etoe,error,Nseed,Nsample
0.7505203187422602,0.035149755132194635,2000,2000
