corr_etoe,error,Nseed,Nsample
1.463083110125452,0.030321243499866722,2000,2000
