ZL,error,Nseed,Nsample
-0.01273149459847569,0.004632679044638653,2000.0,2000.0
