bulk_corr,error,tot_seed,sample
0.26023112704282797,0.0007767152699659181,2000,64000
