ZL,error,Nseed,Nsample
-0.13880502022177182,0.010394612303428462,2000.0,2000.0
