ZL,error,Nseed,Nsample
0.007510844429725125,0.00713191365710528,2000.0,2000.0
