corr_etoe,error,Nseed,Nsample
1.4438093747246126,0.017637018997579468,2000,2000
