corr_etoe,error,Nseed,Nsample
1.2097324677931107,0.020337229113381365,2000,2000
