corr_etoe,error,Nseed,Nsample
0.7964972758158979,0.0214759312380259,2000,2000
