corr_etoe,error,Nseed,Nsample
0.71536869926366,0.01750466186278834,2000,2000
