corr_etoe,error,Nseed,Nsample
0.9391662271560917,0.016444984327088127,2000,2000
