corr_etoe,error,Nseed,Nsample
1.0791268598659352,0.015591626428132162,2000,2000
