corr_etoe,error,Nseed,Nsample
0.17081135656088925,0.010543486440184413,2000,2000
