corr_etoe,error,Nseed,Nsample
0.5486539135468155,0.016032812166530755,2000,2000
