corr_etoe,error,Nseed,Nsample
0.38779033864308626,0.014115616925388137,2000,2000
