bulk_corr,error,tot_seed,sample
0.044841389234437194,0.00018619407750567667,2000,128000
