ZL,error,Nseed,Nsample
-0.19777535926039605,0.010562222605184936,2000.0,2000.0
