ZL,error,Nseed,Nsample
-0.010451575662733756,0.009897368434154152,2000.0,2000.0
