bulk_corr,error,tot_seed,sample
0.25170363962193504,0.0007651992471170208,2000,64000
