ZL,error,Nseed,Nsample
0.08758111499590214,0.006113760253099469,2000.0,2000.0
