ZL,error,Nseed,Nsample
-0.04907257248803427,0.006677151877446656,2000.0,2000.0
