bulk_corr,error,tot_seed,sample
0.007221890744442785,6.157114284021106e-05,2000,512000
