ZL,error,Nseed,Nsample
-0.03685001398733026,0.00592240052769532,2000.0,2000.0
