bulk_corr,error,tot_seed,sample
7.163354532256104e-05,8.970657400196994e-06,2000,512000
