bulk_corr,error,tot_seed,sample
0.09197136227064437,0.00039914144833022943,2000,128000
