corr_etoe,error,Nseed,Nsample
0.9907196532095017,0.027416360088457603,2000,2000
