corr_etoe,error,Nseed,Nsample
1.6506615699315352,0.0250194653224071,2000,2000
