ZL,error,Nseed,Nsample
-0.006471725889398712,0.003519481258440133,2000.0,2000.0
