ZL,error,Nseed,Nsample
0.02605385585548395,0.003463252535347443,2000.0,2000.0
