ZL,error,Nseed,Nsample
-7.146747296818661e-05,0.0031800407618469647,2000.0,2000.0
