ZL,error,Nseed,Nsample
0.012052386273161951,0.003179071473881879,2000.0,2000.0
