bulk_corr,error,tot_seed,sample
0.04915673897250698,0.00015292671776900626,2000,256000
