bulk_corr,error,tot_seed,sample
0.011118518764819497,6.949092268985688e-05,2000,256000
