bulk_corr,error,tot_seed,sample
0.06358265257043068,0.00017226047527473708,2000,128000
