corr_etoe,error,Nseed,Nsample
0.10118997484245901,0.007180069103775632,2000,2000
