corr_etoe,error,Nseed,Nsample
0.04157393890367603,0.004954188380840144,2000,2000
