corr_etoe,error,Nseed,Nsample
0.040420792348158464,0.006995589440288595,1000,1000
