corr_etoe,error,Nseed,Nsample
0.37731026140950397,0.013569546604614789,2000,2000
