bulk_corr,error,tot_seed,sample
0.18422334334026166,0.000887852129465094,2000,64000
