ZL,error,Nseed,Nsample
-0.6128605878611116,0.008255263504156406,1000.0,1000.0
