ZL,error,Nseed,Nsample
-0.4430785936327183,0.005445295017453463,2000.0,2000.0
