ZL,error,Nseed,Nsample
-0.6879970591851013,0.010803004853951323,1000.0,1000.0
