ZL,error,Nseed,Nsample
-0.21081394958749414,0.0059133024884652765,2000.0,2000.0
