bulk_corr,error,tot_seed,sample
0.2088345130490423,0.0008803131796183323,2000,64000
