ZL,error,Nseed,Nsample
-0.0478739983094232,0.00494058909599193,2000.0,2000.0
