ZL,error,Nseed,Nsample
0.03256140328038083,0.004658248876102243,2000.0,2000.0
