bulk_corr,error,tot_seed,sample
0.006243811094305247,5.720039361701597e-05,2000,512000
