ZL,error,Nseed,Nsample
-0.2930229611936051,0.007175008910646295,2000.0,1999.0
