ZL,error,Nseed,Nsample
-0.06375083480257097,0.0052337881213123695,2000.0,2000.0
