ZL,error,Nseed,Nsample
0.026395007585158944,0.004516782368778405,2000.0,2000.0
