ZL,error,Nseed,Nsample
-0.18703431790069328,0.005922480448371527,2000.0,2000.0
