bulk_corr,error,tot_seed,sample
0.10814509949639353,0.0003701362887915277,2000,128000
