bulk_corr,error,tot_seed,sample
0.03262152253840634,0.00016724198485251667,2000,128000
