bulk_corr,error,tot_seed,sample
0.0017105147620261035,1.3612201968300321e-05,2000,512000
