bulk_corr,error,tot_seed,sample
0.061657753936870494,0.00024239395615812474,2000,128000
