corr_etoe,error,Nseed,Nsample
0.9775461502156736,0.01492148645753858,2000,2000
