bulk_corr,error,tot_seed,sample
0.022878388000841226,0.00015308960646417247,2000,256000
