bulk_corr,error,tot_seed,sample
0.19167966705191086,0.00089921091393821,2000,64000
