ZL,error,Nseed,Nsample
0.274578837436903,0.004857175314176632,2000.0,2000.0
