ZL,error,Nseed,Nsample
-0.07245440129613076,0.008814265818550436,2000.0,2000.0
