ZL,error,Nseed,Nsample
0.10234483038938659,0.008287832336974917,2000.0,2000.0
