ZL,error,Nseed,Nsample
0.2431369758508093,0.006708513321350191,2000.0,2000.0
