ZL,error,Nseed,Nsample
-0.01897792816820414,0.00473135162828996,2000.0,2000.0
