ZL,error,Nseed,Nsample
0.1670787532084081,0.005224092209239087,2000.0,2000.0
