ZL,error,Nseed,Nsample
-0.0661449098956695,0.006830125177241935,2000.0,2000.0
