ZL,error,Nseed,Nsample
0.06421249830940098,0.006439933056435171,2000.0,2000.0
