ZL,error,Nseed,Nsample
-0.08345518334225813,0.004639938861182286,2000.0,1993.0
