ZL,error,Nseed,Nsample
-0.09826143905091878,0.0055962239072939466,2000.0,1973.0
