ZL,error,Nseed,Nsample
-0.03400673228585498,0.003926180052869568,2000.0,2000.0
