ZL,error,Nseed,Nsample
0.002146482511148081,0.0034613219600562,2000.0,2000.0
