corr_etoe,error,Nseed,Nsample
0.8386024170597185,0.01619170031330802,2000,2000
