corr_etoe,error,Nseed,Nsample
0.6376394642993957,0.014553217871787184,2000,2000
