corr_etoe,error,Nseed,Nsample
0.3227516057486537,0.011951041744152126,2000,2000
