corr_etoe,error,Nseed,Nsample
0.4899439319961999,0.014511119871255874,2000,2000
