bulk_corr,error,tot_seed,sample
0.018862743221553437,0.00011970369813027561,2000,128000
