bulk_corr,error,tot_seed,sample
0.0735644137842274,0.00035485535715927313,2000,128000
