bulk_corr,error,tot_seed,sample
0.2894803847766404,0.0007762935576457312,2000,64000
