ZL,error,Nseed,Nsample
0.04132021370067345,0.0038655072903397204,2000.0,2000.0
