ZL,error,Nseed,Nsample
-0.06367062661014722,0.004737073834221626,2000.0,2000.0
