ZL,error,Nseed,Nsample
-0.0120903752925606,0.0042027438002976425,2000.0,2000.0
