bulk_corr,error,tot_seed,sample
0.06825719376670605,0.00018383489378787183,2000,128000
