bulk_corr,error,tot_seed,sample
0.02891851595090287,0.00015871822758174465,2000,128000
