ZL,error,Nseed,Nsample
-0.09076648708477165,0.006435288034083045,2000.0,2000.0
