bulk_corr,error,tot_seed,sample
0.08145987058360385,0.00026093088851931616,2000,128000
