ZL,error,Nseed,Nsample
0.02693577979582073,0.00367783881890749,2000.0,2000.0
