ZL,error,Nseed,Nsample
0.007977059138100085,0.003432997317182948,2000.0,2000.0
