ZL,error,Nseed,Nsample
-0.0021073848527199232,0.0034487050459152627,2000.0,2000.0
