corr_etoe,error,Nseed,Nsample
0.0519734235697397,0.005842716039877574,2000,1999
