corr_etoe,error,Nseed,Nsample
0.12638828672485608,0.008910408334321666,2000,2000
