corr_etoe,error,Nseed,Nsample
0.26879006612267636,0.01193912781631991,2000,2000
