bulk_corr,error,tot_seed,sample
0.06292408692401771,0.00016693429209381657,2000,256000
