bulk_corr,error,tot_seed,sample
0.010206143699073293,6.187903451524257e-05,2000,512000
