bulk_corr,error,tot_seed,sample
0.02660720564471117,0.00014670067219653703,2000,256000
