bulk_corr,error,tot_seed,sample
0.011108729198267815,5.842614499047147e-05,2000,256000
