corr_etoe,error,Nseed,Nsample
1.0044428594840127,0.015471453555718558,2000,2000
