corr_etoe,error,Nseed,Nsample
0.8782415099089468,0.015805388389957497,2000,2000
