corr_etoe,error,Nseed,Nsample
0.626124334779451,0.016265219314357423,2000,2000
