corr_etoe,error,Nseed,Nsample
0.7858044855961406,0.016598440678382145,2000,2000
