corr_etoe,error,Nseed,Nsample
0.9977192172449001,0.017405329918915476,2000,2000
