corr_etoe,error,Nseed,Nsample
0.4328353839489022,0.014737251476953855,2000,2000
