corr_etoe,error,Nseed,Nsample
0.637524135594469,0.015601481753396497,2000,2000
