bulk_corr,error,tot_seed,sample
0.006128297027112368,5.756849710770548e-05,2000,512000
