bulk_corr,error,tot_seed,sample
0.07739477905058485,0.00037890789986155625,2000,128000
