bulk_corr,error,tot_seed,sample
0.0009134096896686034,1.1180500015408496e-05,2000,512000
