corr_etoe,error,Nseed,Nsample
0.7270310659711157,0.01286657703082871,2000,2000
