corr_etoe,error,Nseed,Nsample
0.5582529847282429,0.012585245657599376,2000,2000
