corr_etoe,error,Nseed,Nsample
0.40056875711653644,0.011379904374959709,2000,2000
