bulk_corr,error,tot_seed,sample
0.055500135218009686,0.00020824142990781712,1000,64000
