corr_etoe,error,Nseed,Nsample
0.011231229463495978,0.003835651352288547,1000,1000
