corr_etoe,error,Nseed,Nsample
0.2967841363053506,0.010676785172470117,3000,3000
