corr_etoe,error,Nseed,Nsample
0.14733253725664913,0.007558468036536119,3000,3000
