corr_etoe,error,Nseed,Nsample
0.061274358845401604,0.0062279244880592225,2000,2000
