bulk_corr,error,tot_seed,sample
0.13495385568826015,0.0003711723436201899,2000,128000
