corr_etoe,error,Nseed,Nsample
0.9828914942684869,0.04108797168519977,2000,2000
