corr_etoe,error,Nseed,Nsample
1.0378235599347463,0.040393843657145885,2000,2000
