corr_etoe,error,Nseed,Nsample
0.3329703134993247,0.013019432969616492,2000,2000
