corr_etoe,error,Nseed,Nsample
0.08419549896334035,0.0067764211345143766,2000,2000
