corr_etoe,error,Nseed,Nsample
0.16538405265751113,0.009005495385609564,2000,2000
