ZL,error,Nseed,Nsample
0.8936248198293975,0.0006092211148544605,2000.0,2000.0
