ZL,error,Nseed,Nsample
0.7066146297439073,0.0005717603235824558,2000.0,2000.0
