ZL,error,Nseed,Nsample
0.9385350459892342,0.0014789068417615462,2000.0,1957.0
