ZL,error,Nseed,Nsample
0.8199498629028074,0.00048290737816979434,2000.0,2000.0
