bulk_corr,error,tot_seed,sample
0.018812950422228233,7.598720449022165e-05,2000,256000
