bulk_corr,error,tot_seed,sample
0.05343977095119235,0.00023334485415730448,2000,128000
