ZL,error,Nseed,Nsample
-0.10163249463836778,0.00701534607695263,2000.0,2000.0
