ZL,error,Nseed,Nsample
-0.2734364625465173,0.009686409193191874,2000.0,2000.0
