ZL,error,Nseed,Nsample
-0.38244117987662607,0.01211565875328004,2000.0,2000.0
