ZL,error,Nseed,Nsample
-0.4478225759297361,0.013806732507930294,2000.0,2000.0
