bulk_corr,error,tot_seed,sample
-0.000590130408765097,1.539857482589527e-05,2000,256000
