bulk_corr,error,tot_seed,sample
0.0037228847110569907,4.9617157477349956e-05,2000,512000
