ZL,error,Nseed,Nsample
-0.054292151026044455,0.005487501996400914,2000.0,2000.0
