ZL,error,Nseed,Nsample
-0.2311242658575872,0.005945063310210005,2000.0,2000.0
