ZL,error,Nseed,Nsample
0.008286769425261225,0.003388245829341456,2000.0,2000.0
