ZL,error,Nseed,Nsample
0.02901173035819053,0.003568382797244112,2000.0,2000.0
