ZL,error,Nseed,Nsample
-0.006196914535685818,0.0034286344358651936,2000.0,2000.0
