corr_etoe,error,Nseed,Nsample
0.8583520712539415,0.038763944573873305,2000,2000
