corr_etoe,error,Nseed,Nsample
0.9893431395804311,0.03829702068021929,2000,2000
