corr_etoe,error,Nseed,Nsample
1.187211310254102,0.036697724763163055,2000,2000
