ZL,error,Nseed,Nsample
0.17259797534535357,0.011156830869480645,2000.0,2000.0
