ZL,error,Nseed,Nsample
0.30077008560976787,0.009365499049267862,2000.0,2000.0
