ZL,error,Nseed,Nsample
0.3580436276379792,0.007321715255960831,2000.0,2000.0
