ZL,error,Nseed,Nsample
0.3717921300599861,0.005162486828777691,2000.0,2000.0
