bulk_corr,error,tot_seed,sample
0.08137876078950398,0.0003964464839956781,2000,128000
