ZL,error,Nseed,Nsample
0.088262123612888,0.00465787637122917,2000.0,2000.0
