ZL,error,Nseed,Nsample
0.04495599495084011,0.004957823978089073,2000.0,2000.0
