ZL,error,Nseed,Nsample
0.12191452958836353,0.0044317058594274894,2000.0,2000.0
