ZL,error,Nseed,Nsample
0.11924290052844669,0.004219637813564348,2000.0,2000.0
