ZL,error,Nseed,Nsample
0.1565654788953074,0.004693071590138172,2000.0,2000.0
