ZL,error,Nseed,Nsample
0.14515415712183852,0.004520793708276058,2000.0,2000.0
