ZL,error,Nseed,Nsample
0.16523615291582539,0.005163274441019174,2000.0,2000.0
