corr_etoe,error,Nseed,Nsample
0.2967719627855301,0.012013506111101375,2000,2000
