corr_etoe,error,Nseed,Nsample
0.4440233167893709,0.014079497463765857,2000,2000
