corr_etoe,error,Nseed,Nsample
0.8804916799040494,0.02660060990993779,1000,1000
