corr_etoe,error,Nseed,Nsample
1.0166323878033767,0.026660870516431144,1000,1000
