bulk_corr,error,tot_seed,sample
0.27298289096732736,0.0007675221628236259,2000,64000
