bulk_corr,error,tot_seed,sample
0.011516782443774996,0.00011301308366956533,2000,256000
