corr_etoe,error,Nseed,Nsample
0.16686533296399694,0.007715891139537231,3000,3000
