corr_etoe,error,Nseed,Nsample
0.07232931383116001,0.0068363649615368,2000,2000
