corr_etoe,error,Nseed,Nsample
0.33834643390575064,0.011040381956917636,3000,3000
