corr_etoe,error,Nseed,Nsample
0.1463654430257179,0.01130767901556999,1400,1100
