corr_etoe,error,Nseed,Nsample
0.019739376851076944,0.005448456005713254,1000,1000
