corr_etoe,error,Nseed,Nsample
0.07683840951693731,0.01870062207331311,1600,350
