ZL,error,Nseed,Nsample
-0.15603236717791644,0.0060433834054516656,2000.0,2000.0
