ZL,error,Nseed,Nsample
-0.00019804210309800482,0.0045421063872740615,2000.0,2000.0
