bulk_corr,error,tot_seed,sample
3.789733135996557e-05,9.658521179930354e-06,2000,512000
