ZL,error,Nseed,Nsample
0.0010701996919736325,0.002825328092906539,2000.0,2000.0
