ZL,error,Nseed,Nsample
-0.011617275792051568,0.003799835469223271,2000.0,1954.0
