ZL,error,Nseed,Nsample
-0.004996956293275681,0.003086621009358955,2000.0,2000.0
