corr_etoe,error,Nseed,Nsample
0.4477545502855761,0.013677121219268519,2000,2000
