corr_etoe,error,Nseed,Nsample
0.24961814079020556,0.010420589904628463,2000,2000
