corr_etoe,error,Nseed,Nsample
0.06542315407815436,0.005503440694292934,2000,2000
