corr_etoe,error,Nseed,Nsample
0.12492090417919165,0.007382072693638991,2000,2000
