ZL,error,Nseed,Nsample
0.8367263039445761,0.0019399335861032098,2000.0,2000.0
