ZL,error,Nseed,Nsample
0.7386845154403223,0.0013918763150579478,2000.0,2000.0
