ZL,error,Nseed,Nsample
0.5912069912866192,0.00158977968867195,2000.0,2000.0
