ZL,error,Nseed,Nsample
0.9047182030136279,0.0019442789636697259,2000.0,2000.0
