corr_etoe,error,Nseed,Nsample
0.6786003834838761,0.013492364820569045,2000,2000
