corr_etoe,error,Nseed,Nsample
0.854305221991437,0.014407961111581302,2000,2000
