corr_etoe,error,Nseed,Nsample
0.5135504858779488,0.01383944161041079,2000,2000
