ZL,error,Nseed,Nsample
0.004794830437074082,0.003532466825757222,2000.0,2000.0
