ZL,error,Nseed,Nsample
0.020123019174923276,0.003624006024112902,2000.0,2000.0
