ZL,error,Nseed,Nsample
0.03565904123562299,0.0038425177017905286,2000.0,2000.0
