corr_etoe,error,Nseed,Nsample
0.31571635574846196,0.011248758730469361,3000,3000
