corr_etoe,error,Nseed,Nsample
0.15633358680636025,0.007693703720332835,3000,3000
