corr_etoe,error,Nseed,Nsample
0.011554378243166878,0.004711638631132004,1000,1000
