corr_etoe,error,Nseed,Nsample
0.06501917531796744,0.006370204305409549,2000,2000
