bulk_corr,error,tot_seed,sample
0.04902044424913676,0.0003372930052960428,2000,128000
