corr_etoe,error,Nseed,Nsample
0.24404881962007177,0.010247907151127012,2000,2000
