corr_etoe,error,Nseed,Nsample
0.12703347344629734,0.007936066799520304,2000,2000
