corr_etoe,error,Nseed,Nsample
0.39524020914893515,0.012926212423542431,2000,2000
