corr_etoe,error,Nseed,Nsample
0.054129780614708835,0.004847816571429436,2000,2000
