bulk_corr,error,tot_seed,sample
0.02637964195157126,0.00014980011864085052,2000,256000
