ZL,error,Nseed,Nsample
0.1467818564312332,0.004243092952562563,2000.0,2000.0
