ZL,error,Nseed,Nsample
0.11975115690182757,0.004744046782611553,2000.0,2000.0
