ZL,error,Nseed,Nsample
-0.07692870599862867,0.006005999499804227,2000.0,2000.0
