ZL,error,Nseed,Nsample
0.05277302702969809,0.005507711513441288,2000.0,2000.0
