corr_etoe,error,Nseed,Nsample
0.7735601674108408,0.029768868391629826,2000,2000
