corr_etoe,error,Nseed,Nsample
1.4397227320501753,0.02388749235985559,2000,2000
