corr_etoe,error,Nseed,Nsample
0.6123384022274149,0.014370102142803903,2000,2000
