corr_etoe,error,Nseed,Nsample
0.16394004897057735,0.008002174943402648,2000,2000
