corr_etoe,error,Nseed,Nsample
0.28248451929877655,0.010245178913765723,2000,2000
