corr_etoe,error,Nseed,Nsample
0.4265982913310508,0.012117022728045379,2000,2000
