bulk_corr,error,tot_seed,sample
-4.8819095506167083e-05,2.5874893304008192e-06,2000,512000
