bulk_corr,error,tot_seed,sample
0.2899228590682674,0.0007731802376130818,2000,64000
