bulk_corr,error,tot_seed,sample
0.025870249055202625,0.0001612539458049952,2000,256000
