bulk_corr,error,tot_seed,sample
0.006514154832356864,5.585814323213417e-05,2000,512000
