corr_etoe,error,Nseed,Nsample
0.13829193334122408,0.007714085787657478,2000,2000
