corr_etoe,error,Nseed,Nsample
0.4199219217337851,0.01277695981343091,2000,2000
