corr_etoe,error,Nseed,Nsample
0.2553491686159485,0.010483354576074487,2000,2000
