corr_etoe,error,Nseed,Nsample
0.06392871448506601,0.005368919175417455,2000,2000
