bulk_corr,error,tot_seed,sample
0.08820574907104133,0.00039564251090754634,2000,128000
