corr_etoe,error,Nseed,Nsample
1.3542874107020166,0.02999291401691619,2000,2000
