corr_etoe,error,Nseed,Nsample
0.8588175657290598,0.033408423841738664,2000,2000
