corr_etoe,error,Nseed,Nsample
0.9254743071258493,0.03852471700426341,2000,2000
