corr_etoe,error,Nseed,Nsample
1.6337805297624772,0.03270784575381931,2000,2000
