corr_etoe,error,Nseed,Nsample
0.45497268405971686,0.03631483311444324,2000,2000
