corr_etoe,error,Nseed,Nsample
2.193881695507752,0.019024727534860907,2000,2000
