ZL,error,Nseed,Nsample
0.020149709036495305,0.004615888924053087,2000.0,2000.0
