corr_etoe,error,Nseed,Nsample
0.37780670815214457,0.06603760368664137,1000,1000
