corr_etoe,error,Nseed,Nsample
0.16181170473308912,0.06674540700320504,1000,1000
