ZL,error,Nseed,Nsample
-0.07782812959223168,0.004139991352454546,2000.0,2000.0
