ZL,error,Nseed,Nsample
-0.003502543555046747,0.0041077762085687305,2000.0,2000.0
