ZL,error,Nseed,Nsample
-0.039512048025734915,0.004048087888032603,2000.0,2000.0
