ZL,error,Nseed,Nsample
-0.06303473576324693,0.004137148218787908,2000.0,2000.0
