bulk_corr,error,tot_seed,sample
0.08271757159528538,0.000394801858987723,2000,128000
