ZL,error,Nseed,Nsample
-0.02228439708766253,0.004349802656791274,2000.0,2000.0
