bulk_corr,error,tot_seed,sample
0.00011517305804552529,1.5184007735742362e-05,2000,256000
