bulk_corr,error,tot_seed,sample
0.005721577077141259,5.822250009516124e-05,2000,512000
