ZL,error,Nseed,Nsample
0.17391365405293588,0.004724255969411786,2000.0,2000.0
