ZL,error,Nseed,Nsample
0.14785149406113596,0.004410513467024681,2000.0,2000.0
