ZL,error,Nseed,Nsample
0.16011926090884934,0.0051720971980396815,2000.0,2000.0
