corr_etoe,error,Nseed,Nsample
0.9886293450979533,0.035506848747717826,2000,2000
