corr_etoe,error,Nseed,Nsample
1.7417312091971069,0.02873397299543546,2000,2000
