bulk_corr,error,tot_seed,sample
0.0035027098288820183,2.0292950819463892e-05,2000,512000
