bulk_corr,error,tot_seed,sample
0.028938115730477908,0.00015015286540667663,2000,128000
