bulk_corr,error,tot_seed,sample
0.016130355545083297,0.00013839288453548897,1000,128000
