ZL,error,Nseed,Nsample
-0.008937821198427476,0.003413188653898146,2000.0,1992.0
