ZL,error,Nseed,Nsample
0.017458556039167194,0.003357357950293774,2000.0,2000.0
