ZL,error,Nseed,Nsample
0.003058975912061755,0.0032786717531409332,2000.0,2000.0
