ZL,error,Nseed,Nsample
-0.0022925526495981975,0.0029750949389907035,2000.0,2000.0
