ZL,error,Nseed,Nsample
-0.004130597214030041,0.0036514744280000204,2000.0,1965.0
