ZL,error,Nseed,Nsample
-0.0019558250392602873,0.0032258070194585444,2000.0,1991.0
