ZL,error,Nseed,Nsample
-0.005943492572558058,0.0029996518782872115,2000.0,2000.0
