bulk_corr,error,tot_seed,sample
0.010582897354931248,5.151203744873046e-05,2000,512000
