ZL,error,Nseed,Nsample
0.05913184630943891,0.003966053082226285,2000.0,2000.0
