ZL,error,Nseed,Nsample
-0.06282021452026093,0.004663755910228094,2000.0,2000.0
