ZL,error,Nseed,Nsample
0.006808699902262413,0.004121493719449288,2000.0,2000.0
