corr_etoe,error,Nseed,Nsample
1.252081814341588,0.033970079954787624,2000,2000
