corr_etoe,error,Nseed,Nsample
0.8392691607524904,0.03658330743447158,2000,2000
