corr_etoe,error,Nseed,Nsample
0.7191422004535767,0.03669844544227263,2000,2000
