corr_etoe,error,Nseed,Nsample
0.6151180149158696,0.014406531132127845,2000,2000
