corr_etoe,error,Nseed,Nsample
0.8244620126526114,0.016130841352800414,2000,2000
