corr_etoe,error,Nseed,Nsample
0.2781074232174655,0.010883505983664585,2000,2000
