corr_etoe,error,Nseed,Nsample
0.4454786398448588,0.01299000204091315,2000,2000
