ZL,error,Nseed,Nsample
0.012074722980508875,0.003209718032579531,2000.0,2000.0
