ZL,error,Nseed,Nsample
0.038161690911315986,0.0041388007660232064,2000.0,1952.0
