ZL,error,Nseed,Nsample
0.0006464892119845092,0.002995826397780529,2000.0,2000.0
