ZL,error,Nseed,Nsample
0.028875823118451004,0.0037499713383426533,2000.0,1987.0
