corr_etoe,error,Nseed,Nsample
0.3245227318285082,0.013531421027234942,2000,2000
