corr_etoe,error,Nseed,Nsample
0.07661942137230149,0.007298405619736095,2000,2000
