corr_etoe,error,Nseed,Nsample
0.19265413611292548,0.010608914219501138,2000,2000
