bulk_corr,error,tot_seed,sample
0.11019457332915882,0.00039921900132170563,2000,128000
