bulk_corr,error,tot_seed,sample
0.020502134937708014,0.00012875046779958668,2000,256000
