bulk_corr,error,tot_seed,sample
0.04567393357999744,0.0001751180225542178,2000,256000
