bulk_corr,error,tot_seed,sample
0.011832287254117477,5.407553108790369e-05,2000,512000
