ZL,error,Nseed,Nsample
-0.013451901988037303,0.008399254157869483,2000.0,2000.0
