ZL,error,Nseed,Nsample
0.1563386163164237,0.0064404806757953565,2000.0,2000.0
