corr_etoe,error,Nseed,Nsample
0.17508664907817775,0.008177611315079939,2000,2000
