corr_etoe,error,Nseed,Nsample
0.49639998571642285,0.013509763976443859,2000,2000
