corr_etoe,error,Nseed,Nsample
0.08111280209413184,0.005834709314769522,2000,2000
