corr_etoe,error,Nseed,Nsample
0.32662419161104167,0.010950897042926892,2000,2000
