corr_etoe,error,Nseed,Nsample
0.02445315558642891,0.005319945096431543,1000,1000
