corr_etoe,error,Nseed,Nsample
0.16312539305060758,0.00802467763881534,3000,3000
