corr_etoe,error,Nseed,Nsample
0.06608932018770941,0.006081525608241397,2000,2000
