corr_etoe,error,Nseed,Nsample
0.3142295007948453,0.010419696082306982,3000,3000
