corr_etoe,error,Nseed,Nsample
0.1203933924394669,0.0069584402698453715,3000,3000
