corr_etoe,error,Nseed,Nsample
0.26746828667241046,0.010563117483653166,3000,3000
