corr_etoe,error,Nseed,Nsample
0.03133095637451148,0.004253729338292769,2000,2000
