corr_etoe,error,Nseed,Nsample
0.012686962409850249,0.0035295032828359624,2000,1383
