corr_etoe,error,Nseed,Nsample
0.06148894174286665,0.008533964257080013,1400,1350
