corr_etoe,error,Nseed,Nsample
0.059383527079793066,0.008019368738015765,1500,1450
