bulk_corr,error,tot_seed,sample
0.03558677460975209,0.00011323195708281352,2000,128000
