bulk_corr,error,tot_seed,sample
0.006312734715002038,4.0344368761350366e-05,2000,512000
