bulk_corr,error,tot_seed,sample
0.09838576360557025,0.0004010931924194483,2000,128000
