corr_etoe,error,Nseed,Nsample
0.26325970720640673,0.012128783941989055,2000,2000
