corr_etoe,error,Nseed,Nsample
0.12805679409392828,0.008834356927593386,2000,2000
