corr_etoe,error,Nseed,Nsample
0.04709316795125713,0.005423066891149542,2000,2000
