ZL,error,Nseed,Nsample
0.0077868030863953745,0.003250081067129217,2000.0,1999.0
