ZL,error,Nseed,Nsample
0.035414813601920204,0.00409493675988091,2000.0,1986.0
