ZL,error,Nseed,Nsample
-0.004808104144110704,0.0031367785891107157,2000.0,2000.0
