ZL,error,Nseed,Nsample
0.02910943323588328,0.0036301352005714193,2000.0,1997.0
