bulk_corr,error,tot_seed,sample
0.01288035419440087,5.854721739497788e-05,2000,256000
