corr_etoe,error,Nseed,Nsample
0.270025601917093,0.011541765598813923,2000,2000
