corr_etoe,error,Nseed,Nsample
0.4140393229066031,0.013849456833665393,2000,2000
