corr_etoe,error,Nseed,Nsample
1.6990310710203396,0.02832990279654319,2000,2000
