corr_etoe,error,Nseed,Nsample
1.12199714872045,0.03434420566250392,2000,2000
