bulk_corr,error,tot_seed,sample
0.00932954210736012,7.421442239308765e-05,1000,128000
