ZL,error,Nseed,Nsample
0.025308702886706568,0.005789542147052348,2000.0,2000.0
