bulk_corr,error,tot_seed,sample
0.19406066863265672,0.0004422440722988166,2000,64000
