corr_etoe,error,Nseed,Nsample
0.8670806634598881,0.035841271132038846,2000,2000
