corr_etoe,error,Nseed,Nsample
1.5864009477219068,0.03324561449902706,2000,2000
