ZL,error,Nseed,Nsample
-0.20671208803821295,0.0056752445835870835,2000.0,2000.0
