ZL,error,Nseed,Nsample
-0.4130370741165138,0.005777554395300959,2000.0,2000.0
