corr_etoe,error,Nseed,Nsample
1.4851859438182424,0.04324009134316441,1000,1000
