corr_etoe,error,Nseed,Nsample
1.9477249577692284,0.031722222589902524,1000,1000
