ZL,error,Nseed,Nsample
0.031303914056580846,0.005123407146871248,2000.0,2000.0
