ZL,error,Nseed,Nsample
-0.32879455787246203,0.007957389698587874,2000.0,2000.0
