ZL,error,Nseed,Nsample
0.06663802626723252,0.007297075900561215,2000.0,2000.0
