ZL,error,Nseed,Nsample
-0.12202117410358036,0.007916472971320804,2000.0,2000.0
