ZL,error,Nseed,Nsample
0.018173124115594408,0.0037327104312401176,2000.0,2000.0
