corr_etoe,error,Nseed,Nsample
0.892317127565091,0.017383324729766475,2000,2000
