corr_etoe,error,Nseed,Nsample
0.7326303394625788,0.016978227948406716,2000,2000
