corr_etoe,error,Nseed,Nsample
1.0403486107906226,0.01798467626427097,2000,2000
