corr_etoe,error,Nseed,Nsample
0.47058111456921486,0.015482465337912489,2000,2000
