corr_etoe,error,Nseed,Nsample
0.7783231073975575,0.01343268379302329,2000,2000
