bulk_corr,error,tot_seed,sample
0.017102411940451093,8.98335628662589e-05,1000,128000
