bulk_corr,error,tot_seed,sample
0.00010127135065517684,8.857840172784795e-06,2000,512000
