bulk_corr,error,tot_seed,sample
0.004291102942637785,2.3073148172299592e-05,2000,512000
