bulk_corr,error,tot_seed,sample
0.07868504656211864,0.00031563386735514014,2000,128000
