bulk_corr,error,tot_seed,sample
0.22372964891428238,0.0008838758217969942,2000,64000
