ZL,error,Nseed,Nsample
-0.0064000274739862495,0.003230723043480041,2000.0,1999.0
