ZL,error,Nseed,Nsample
0.005251179405598323,0.0032063645887556377,2000.0,2000.0
