ZL,error,Nseed,Nsample
0.03949390140715952,0.0036640793677113104,2000.0,2000.0
