ZL,error,Nseed,Nsample
-0.021317620967225073,0.003872615634782006,2000.0,1999.0
