ZL,error,Nseed,Nsample
0.010621921688478635,0.003728183343974597,2000.0,2000.0
