bulk_corr,error,tot_seed,sample
0.27213774549058006,0.0007773062545778168,2000,64000
