bulk_corr,error,tot_seed,sample
0.18820466438287123,0.0008984237314209496,2000,64000
