bulk_corr,error,tot_seed,sample
0.03883351276919362,0.00017915874280583698,2000,128000
