bulk_corr,error,tot_seed,sample
0.10365153322019198,0.00040486619970373915,2000,128000
