ZL,error,Nseed,Nsample
0.003983656232810805,0.0035779509698922966,2000.0,2000.0
