ZL,error,Nseed,Nsample
0.028696402423831254,0.003604884219497934,2000.0,2000.0
