ZL,error,Nseed,Nsample
-0.02755867006172928,0.004052756773677784,2000.0,2000.0
