bulk_corr,error,tot_seed,sample
0.006038887713515968,5.700029588659887e-05,2000,512000
