corr_etoe,error,Nseed,Nsample
0.806780064087382,0.030140490002054786,2000,2000
