corr_etoe,error,Nseed,Nsample
1.3434412546547854,0.02624481645484424,2000,2000
