corr_etoe,error,Nseed,Nsample
1.708162303074614,0.018546757880121337,2000,2000
