ZL,error,Nseed,Nsample
0.02172600932378498,0.0036114235879975655,2000.0,2000.0
