ZL,error,Nseed,Nsample
-0.03454216906734438,0.004000009548897238,2000.0,2000.0
