ZL,error,Nseed,Nsample
0.046717334155715794,0.0035592386990261405,2000.0,2000.0
