ZL,error,Nseed,Nsample
0.002833205413208113,0.0035306206977191233,2000.0,2000.0
