corr_etoe,error,Nseed,Nsample
0.9246983480549003,0.029782001705913125,1000,1000
