corr_etoe,error,Nseed,Nsample
1.2131443196751075,0.028347677224557163,1000,1000
