bulk_corr,error,tot_seed,sample
0.2688591077930965,0.0007676721015953468,2000,64000
