ZL,error,Nseed,Nsample
0.2682252840736098,0.005071610785255591,2000.0,2000.0
