ZL,error,Nseed,Nsample
0.25496547906600164,0.004189281232569801,2000.0,2000.0
