ZL,error,Nseed,Nsample
0.15602256127414565,0.010530053775708785,1000.0,1000.0
