ZL,error,Nseed,Nsample
0.23528294468777922,0.008912842542193804,1000.0,1000.0
