ZL,error,Nseed,Nsample
0.026101992264893393,0.0034637499009681607,2000.0,2000.0
