ZL,error,Nseed,Nsample
0.0002130842334762791,0.003553763210392841,2000.0,2000.0
