ZL,error,Nseed,Nsample
-0.02963031262302861,0.003998061886118902,2000.0,2000.0
