ZL,error,Nseed,Nsample
-0.01960641285558505,0.003972864524401297,2000.0,2000.0
