ZL,error,Nseed,Nsample
0.011421494950398667,0.0036684675145071685,2000.0,2000.0
