ZL,error,Nseed,Nsample
0.037094303676555127,0.003637894118342951,2000.0,2000.0
