ZL,error,Nseed,Nsample
-0.7067926161881997,0.009064780990911948,2000.0,1990.0
