ZL,error,Nseed,Nsample
-0.7014583806999953,0.006554502413153441,2000.0,2000.0
