ZL,error,Nseed,Nsample
-0.4118269799596822,0.0047896496186951455,2000.0,2000.0
