ZL,error,Nseed,Nsample
-0.5956946443603212,0.005089166885940444,2000.0,2000.0
