ZL,error,Nseed,Nsample
-0.2451047317162969,0.007103040955830692,2000.0,1994.0
