ZL,error,Nseed,Nsample
-0.09709768079239485,0.004945773684182288,2000.0,2000.0
