ZL,error,Nseed,Nsample
-0.18789223483931414,0.005827517795917108,2000.0,2000.0
