ZL,error,Nseed,Nsample
-0.006455483439909776,0.00433954261014431,2000.0,2000.0
