ZL,error,Nseed,Nsample
0.01648192862400613,0.00339491501152894,2000.0,2000.0
