ZL,error,Nseed,Nsample
0.00864721736389569,0.0032723512215542903,2000.0,2000.0
