ZL,error,Nseed,Nsample
-0.009629899340113863,0.0033922780899781654,2000.0,2000.0
