bulk_corr,error,tot_seed,sample
0.0013416972863564375,1.2768400832294494e-05,2000,512000
