bulk_corr,error,tot_seed,sample
0.034155664731224965,0.0001689013704367122,2000,256000
