ZL,error,Nseed,Nsample
-0.21359147297342418,0.005686243447265856,2000.0,2000.0
