ZL,error,Nseed,Nsample
-0.4247041111051473,0.005726331635166962,2000.0,2000.0
