ZL,error,Nseed,Nsample
-0.5699365785191608,0.0065658339361742285,2000.0,2000.0
