ZL,error,Nseed,Nsample
-0.6243929368687792,0.008543675235740804,2000.0,2000.0
