ZL,error,Nseed,Nsample
0.05933147927649982,0.005663731523876609,2000.0,2000.0
