ZL,error,Nseed,Nsample
-0.11458909169611207,0.006464108708861793,2000.0,2000.0
