bulk_corr,error,tot_seed,sample
0.16610395530459904,0.0005123817350032388,2000,64000
