bulk_corr,error,tot_seed,sample
0.1897510533698777,0.0008861867118271509,2000,64000
