corr_etoe,error,Nseed,Nsample
1.0797791916467536,0.03880024010370124,2000,2000
