corr_etoe,error,Nseed,Nsample
0.9270289364376235,0.03960676397171648,2000,2000
