ZL,error,Nseed,Nsample
0.035817156658943965,0.006367106881401593,2000.0,2000.0
