bulk_corr,error,tot_seed,sample
0.08621451191734324,0.0003957743955201334,2000,128000
