ZL,error,Nseed,Nsample
-0.280131768033056,0.008045047264300656,2000.0,2000.0
