ZL,error,Nseed,Nsample
-0.07648079467970499,0.008366086729393924,2000.0,2000.0
