ZL,error,Nseed,Nsample
0.10843139443532458,0.007163136801429099,2000.0,2000.0
