bulk_corr,error,tot_seed,sample
0.07433961746108601,0.00019158465036656877,2000,128000
