corr_etoe,error,Nseed,Nsample
0.38170538026928325,0.01319504797806617,2000,2000
