corr_etoe,error,Nseed,Nsample
0.12107744504775554,0.007959935724504253,2000,2000
