corr_etoe,error,Nseed,Nsample
0.050738476677176715,0.005196198338623815,2000,2000
