corr_etoe,error,Nseed,Nsample
0.22011787274681457,0.010063326487814547,2000,2000
