ZL,error,Nseed,Nsample
0.4665892056218347,0.01308676075390559,2000.0,2000.0
