ZL,error,Nseed,Nsample
0.46822018070205373,0.010823812058123711,2000.0,2000.0
