ZL,error,Nseed,Nsample
0.4692530755231317,0.00778299052794566,2000.0,2000.0
