bulk_corr,error,tot_seed,sample
0.19848388171611475,0.0008802067143021362,2000,64000
