bulk_corr,error,tot_seed,sample
0.008127514758731398,6.233409991942555e-05,2000,512000
