corr_etoe,error,Nseed,Nsample
0.13235121842247702,0.007432437147205633,2000,2000
