corr_etoe,error,Nseed,Nsample
0.43212979085289704,0.013558668078461756,2000,2000
