corr_etoe,error,Nseed,Nsample
0.05525330611082699,0.005275613887874022,2000,2000
