corr_etoe,error,Nseed,Nsample
0.26344348797123424,0.010816740245874593,2000,2000
