corr_etoe,error,Nseed,Nsample
0.8729470916741026,0.01901729804604102,2000,2000
