corr_etoe,error,Nseed,Nsample
1.2263937665637379,0.012405252831969363,2000,2000
