ZL,error,Nseed,Nsample
0.1477522870344946,0.008172491321923407,2000.0,2000.0
