ZL,error,Nseed,Nsample
0.28719331152281546,0.004754101285002626,2000.0,2000.0
