ZL,error,Nseed,Nsample
0.26443963403246795,0.006496611891037957,2000.0,2000.0
