ZL,error,Nseed,Nsample
-0.0467779553983421,0.008913012440841497,2000.0,2000.0
