corr_etoe,error,Nseed,Nsample
1.5504681435868455,0.023754988054417347,2000,2000
