corr_etoe,error,Nseed,Nsample
0.919337914536966,0.03160963352694215,2000,2000
