corr_etoe,error,Nseed,Nsample
0.48996670527173686,0.030711151094264103,2000,2000
