bulk_corr,error,tot_seed,sample
0.004306608081298071,2.3563847016384197e-05,2000,512000
