ZL,error,Nseed,Nsample
0.13176644633349968,0.004183128432977784,2000.0,2000.0
