ZL,error,Nseed,Nsample
0.10051778997934371,0.004740488749505036,2000.0,2000.0
