ZL,error,Nseed,Nsample
0.1284244907658772,0.004418928048547407,2000.0,2000.0
