corr_etoe,error,Nseed,Nsample
1.0086652070882676,0.034085439357976505,2000,2000
