corr_etoe,error,Nseed,Nsample
1.5676792314218084,0.0289907825123676,2000,2000
