corr_etoe,error,Nseed,Nsample
1.9580174004887039,0.021606627479143665,2000,2000
