corr_etoe,error,Nseed,Nsample
0.13015705035760095,0.007692919749324985,3000,3000
