corr_etoe,error,Nseed,Nsample
0.22726506450111306,0.009745890064617267,3000,3000
