corr_etoe,error,Nseed,Nsample
0.03337806914536885,0.00468457457758278,2000,2000
