corr_etoe,error,Nseed,Nsample
1.2967637504434484,0.021176215470449983,2000,2000
