corr_etoe,error,Nseed,Nsample
1.4816580833564559,0.019671701063698248,2000,2000
