corr_etoe,error,Nseed,Nsample
1.1274248662102524,0.025188663910914642,2000,2000
