corr_etoe,error,Nseed,Nsample
1.7232045089021442,0.017669785820881426,2000,2000
