corr_etoe,error,Nseed,Nsample
1.4804942284025053,0.02162244338126144,2000,2000
