bulk_corr,error,tot_seed,sample
0.00521015565067728,5.472284890382168e-05,2000,512000
