bulk_corr,error,tot_seed,sample
0.002859107494819227,1.972532330029361e-05,2000,512000
