bulk_corr,error,tot_seed,sample
0.004903261410950115,3.4559099496601095e-05,2000,256000
