bulk_corr,error,tot_seed,sample
0.003295501983352898,6.331549838610395e-05,1000,128000
