bulk_corr,error,tot_seed,sample
0.022530570097764723,0.00015059857792824223,2000,256000
