bulk_corr,error,tot_seed,sample
0.21725136474035195,0.0008893359422872313,2000,64000
