bulk_corr,error,tot_seed,sample
0.09737775025321325,0.00034917146085587864,2000,128000
