ZL,error,Nseed,Nsample
0.3251780159535914,0.010033911976539142,2000.0,2000.0
