ZL,error,Nseed,Nsample
0.3752450838446988,0.00778743894881442,2000.0,2000.0
