ZL,error,Nseed,Nsample
0.3750193591008089,0.0054523346304138345,2000.0,2000.0
