ZL,error,Nseed,Nsample
0.21528513908820346,0.01180425490586792,2000.0,2000.0
