bulk_corr,error,tot_seed,sample
0.02826031567433509,0.0001567283550750739,2000,256000
