ZL,error,Nseed,Nsample
-0.5351892068607855,0.008826087039173444,2000.0,2000.0
