ZL,error,Nseed,Nsample
-0.3755908384593891,0.007869760976855409,2000.0,2000.0
