ZL,error,Nseed,Nsample
-0.6278436723550886,0.009736777037382563,2000.0,2000.0
