ZL,error,Nseed,Nsample
-0.1616323946057523,0.006227023754863144,2000.0,2000.0
