bulk_corr,error,tot_seed,sample
0.07648531041129503,0.00038640233730406916,2000,128000
