bulk_corr,error,tot_seed,sample
0.08462241252455642,0.00039513536550139945,2000,128000
