bulk_corr,error,tot_seed,sample
0.0050010737160653814,5.513216254814605e-05,2000,511744
