bulk_corr,error,tot_seed,sample
0.038331719409105444,0.00017061612273848415,2000,256000
