bulk_corr,error,tot_seed,sample
0.2786863064274121,0.000768122834169877,2000,64000
