bulk_corr,error,tot_seed,sample
0.03249557566819208,0.00015203447846179333,2000,256000
