ZL,error,Nseed,Nsample
0.01905809084418969,0.0034695925798675486,2000.0,2000.0
