ZL,error,Nseed,Nsample
-0.008341368137986976,0.0034209757860000274,2000.0,2000.0
