ZL,error,Nseed,Nsample
0.005315661099762815,0.003372748115086648,2000.0,2000.0
