corr_etoe,error,Nseed,Nsample
0.8293915359174585,0.016698065229002353,2000,2000
