corr_etoe,error,Nseed,Nsample
0.9966363807274786,0.01751255461995483,2000,2000
