corr_etoe,error,Nseed,Nsample
0.43668897610020396,0.014753780612422298,2000,2000
