corr_etoe,error,Nseed,Nsample
0.6608975685205247,0.016385289247339396,2000,2000
