bulk_corr,error,tot_seed,sample
0.18273800226939785,0.0008812664314628038,2000,64000
