ZL,error,Nseed,Nsample
-0.010500101594732764,0.0034719823840835477,2000.0,2000.0
