ZL,error,Nseed,Nsample
0.017157207136671165,0.0033518617981953404,2000.0,2000.0
