ZL,error,Nseed,Nsample
-0.001907288231115708,0.0032214645955059963,2000.0,2000.0
