bulk_corr,error,tot_seed,sample
0.029425466012606438,0.0001250916944220226,2000,256000
