bulk_corr,error,tot_seed,sample
0.006842183480390283,5.9536233737450375e-05,2000,512000
