corr_etoe,error,Nseed,Nsample
0.8304412967563731,0.03552658743537981,2000,2000
