corr_etoe,error,Nseed,Nsample
1.5871143503240346,0.03374370969325562,2000,2000
