bulk_corr,error,tot_seed,sample
0.006240464374329316,6.492438047990678e-05,1000,128000
