ZL,error,Nseed,Nsample
0.19445545449813342,0.006656676243337158,2000.0,2000.0
