ZL,error,Nseed,Nsample
0.13303831597124802,0.005658308569134708,2000.0,2000.0
