ZL,error,Nseed,Nsample
0.3193435347511416,0.00814811804702074,2000.0,2000.0
