ZL,error,Nseed,Nsample
0.2666686024614664,0.007415019357076403,2000.0,2000.0
