bulk_corr,error,tot_seed,sample
-3.585381371692611e-05,2.753362158191537e-06,2000,512000
