bulk_corr,error,tot_seed,sample
0.06374765351675782,0.00023237534069195858,1000,64000
