ZL,error,Nseed,Nsample
0.02971812060108064,0.0038704486095677082,2000.0,2000.0
