ZL,error,Nseed,Nsample
0.020368434345308738,0.0035612614973991197,2000.0,2000.0
