ZL,error,Nseed,Nsample
0.006548198101448952,0.003373751218330069,2000.0,2000.0
