bulk_corr,error,tot_seed,sample
0.13165209436409323,0.0003628344060220493,2000,128000
