corr_etoe,error,Nseed,Nsample
0.34820956825769434,0.014182741589162396,2000,2000
