corr_etoe,error,Nseed,Nsample
0.17771701166157972,0.01065148811061193,2000,2000
