corr_etoe,error,Nseed,Nsample
0.05455836616320131,0.006341615547642215,2000,2000
