bulk_corr,error,tot_seed,sample
0.007512087200325561,6.0029081165053164e-05,2000,512000
