bulk_corr,error,tot_seed,sample
0.00670036011073094,4.256528098838498e-05,2000,512000
