corr_etoe,error,Nseed,Nsample
0.24181520220129737,0.01586957362202084,1000,1000
