corr_etoe,error,Nseed,Nsample
0.11908935409001822,0.008124447113095679,2000,2000
