corr_etoe,error,Nseed,Nsample
0.39433549824101277,0.013950930623778267,2000,2000
