corr_etoe,error,Nseed,Nsample
0.9843210828373273,0.016105479290290464,2000,2000
