corr_etoe,error,Nseed,Nsample
0.5581642102580959,0.019033582652855607,2000,2000
