corr_etoe,error,Nseed,Nsample
1.1811108069593301,0.012973645075102517,2000,2000
