bulk_corr,error,tot_seed,sample
0.050853378590403384,0.00016862994369461245,2000,128000
