corr_etoe,error,Nseed,Nsample
0.20523036555420118,0.008666655264031849,2000,2000
