corr_etoe,error,Nseed,Nsample
0.5361756669108516,0.013316668641190351,2000,2000
