corr_etoe,error,Nseed,Nsample
0.3589245161802135,0.011343757760147675,2000,2000
