corr_etoe,error,Nseed,Nsample
0.11608837422758715,0.006696099186862713,2000,2000
