ZL,error,Nseed,Nsample
-0.10254473425378394,0.004526316049073139,2000.0,2000.0
