ZL,error,Nseed,Nsample
-0.09085891219958914,0.0044006133038300005,2000.0,2000.0
