ZL,error,Nseed,Nsample
-0.040531341601828176,0.0046431430638827036,2000.0,2000.0
