ZL,error,Nseed,Nsample
-0.10808611908655741,0.004324155487210311,2000.0,2000.0
