bulk_corr,error,tot_seed,sample
0.22551193224045468,0.0006347719863684931,2000,64000
