bulk_corr,error,tot_seed,sample
0.09560068258131646,0.0003341827662072232,2000,128000
