ZL,error,Nseed,Nsample
0.4467722357346582,0.0030196519223498414,2000.0,2000.0
