ZL,error,Nseed,Nsample
0.8239770257877552,0.004312266063592483,2000.0,2000.0
