ZL,error,Nseed,Nsample
0.6097289510769995,0.0032517927379501987,2000.0,2000.0
