ZL,error,Nseed,Nsample
0.7384230078325157,0.0036465789203398227,2000.0,2000.0
