ZL,error,Nseed,Nsample
-0.00029924317081331925,0.0032360714676323912,2000.0,2000.0
