ZL,error,Nseed,Nsample
-0.012635445163555623,0.0031981022890196623,2000.0,2000.0
