ZL,error,Nseed,Nsample
0.023923820270695426,0.0034866804099356907,2000.0,1998.0
