ZL,error,Nseed,Nsample
0.044526675600699055,0.0041799421989532634,2000.0,1994.0
