ZL,error,Nseed,Nsample
-0.003987853096647175,0.013560635347094606,2000.0,2000.0
