ZL,error,Nseed,Nsample
0.14246783743840657,0.011526451729699929,2000.0,2000.0
