ZL,error,Nseed,Nsample
0.2434344338514989,0.009017389509032475,2000.0,2000.0
