ZL,error,Nseed,Nsample
0.3031164866532631,0.006133013612475288,2000.0,2000.0
