bulk_corr,error,tot_seed,sample
0.02779980537501463,0.0001620448920234152,2000,256000
