ZL,error,Nseed,Nsample
0.04652882423061838,0.004351026366469394,2000.0,2000.0
