ZL,error,Nseed,Nsample
-0.02593906146987269,0.004682466146520242,2000.0,2000.0
