ZL,error,Nseed,Nsample
0.3509400922163402,0.005727518794800259,2000.0,2000.0
