ZL,error,Nseed,Nsample
0.20518017670268754,0.010520569413709054,2000.0,2000.0
