ZL,error,Nseed,Nsample
0.3218538140714541,0.008049603379797755,2000.0,2000.0
