ZL,error,Nseed,Nsample
0.09343845480299941,0.01218444975709222,2000.0,2000.0
