bulk_corr,error,tot_seed,sample
0.2064373759914819,0.00041440985235676614,2000,64000
