ZL,error,Nseed,Nsample
0.6822869961657952,0.010102735954681294,2000.0,2000.0
