ZL,error,Nseed,Nsample
0.6606927482327561,0.007630618792761594,2000.0,2000.0
