ZL,error,Nseed,Nsample
0.5350789596926638,0.003409055294195636,2000.0,1986.0
