ZL,error,Nseed,Nsample
0.5903821688090649,0.005905599541099182,2000.0,2000.0
