bulk_corr,error,tot_seed,sample
0.0755858215948489,0.00018719448705654357,2000,128000
