corr_etoe,error,Nseed,Nsample
1.4338004116069765,0.01640344239404991,2000,2000
