corr_etoe,error,Nseed,Nsample
1.2911128456842547,0.018046259406138177,2000,2000
