ZL,error,Nseed,Nsample
-0.1800109664339718,0.008018381626769407,2000.0,2000.0
