ZL,error,Nseed,Nsample
0.045178299499790846,0.007460843736242915,2000.0,2000.0
