ZL,error,Nseed,Nsample
-0.3809673113075474,0.007634914697334728,2000.0,2000.0
