ZL,error,Nseed,Nsample
0.019116037152860296,0.003519129735500742,2000.0,2000.0
