ZL,error,Nseed,Nsample
0.011796800847915456,0.003327551375148225,2000.0,2000.0
