ZL,error,Nseed,Nsample
-0.0019657742446306326,0.003375113369129222,2000.0,2000.0
