bulk_corr,error,tot_seed,sample
0.13101586191272235,0.00046320589086063044,2000,64000
