ZL,error,Nseed,Nsample
0.19202556417606403,0.00638308630928591,2000.0,2000.0
