ZL,error,Nseed,Nsample
-0.3558890388220446,0.009748781316573245,2000.0,2000.0
