ZL,error,Nseed,Nsample
0.047597446651369904,0.008446632467834779,2000.0,2000.0
