ZL,error,Nseed,Nsample
-0.15779797374358387,0.009499757004874416,2000.0,2000.0
