ZL,error,Nseed,Nsample
-0.001105350421884533,0.003454800557037755,2000.0,2000.0
