ZL,error,Nseed,Nsample
-0.009291237408732066,0.003130208289010005,2000.0,2000.0
