corr_etoe,error,Nseed,Nsample
0.061691244179239546,0.0055605320069880984,2000,2000
