corr_etoe,error,Nseed,Nsample
0.2451641977193516,0.009941216074615108,2000,2000
