corr_etoe,error,Nseed,Nsample
0.4390238269569168,0.01324817973464367,2000,2000
