corr_etoe,error,Nseed,Nsample
0.13342567507511388,0.0076368013201077905,2000,2000
