corr_etoe,error,Nseed,Nsample
0.3454198075427415,0.04241728924522419,2000,2000
