corr_etoe,error,Nseed,Nsample
1.1022677534874217,0.04143968665471664,2000,2000
