ZL,error,Nseed,Nsample
0.01097896686007322,0.005095171015515489,2000.0,2000.0
