ZL,error,Nseed,Nsample
-0.07942347564364426,0.006850444977330463,2000.0,2000.0
