ZL,error,Nseed,Nsample
0.07688689309983392,0.005973838039674939,2000.0,2000.0
