bulk_corr,error,tot_seed,sample
0.21150313408037683,0.0008853966918401452,2000,64000
