bulk_corr,error,tot_seed,sample
0.21864788711904307,0.00088156222620421,2000,64000
