corr_etoe,error,Nseed,Nsample
0.03175235439317627,0.006127221148617513,1000,1000
