corr_etoe,error,Nseed,Nsample
0.2957316985382756,0.010266952988148576,3000,3000
