corr_etoe,error,Nseed,Nsample
0.16487954017661535,0.00778115293781467,3000,3000
