corr_etoe,error,Nseed,Nsample
0.06738502387837901,0.005993490772412294,2000,2000
