ZL,error,Nseed,Nsample
0.03222821853884647,0.005428937409076909,2000.0,2000.0
