ZL,error,Nseed,Nsample
0.0302858620210653,0.0053184467233588035,2000.0,2000.0
