ZL,error,Nseed,Nsample
0.028155954976266807,0.004901437117344602,2000.0,2000.0
