ZL,error,Nseed,Nsample
0.033306119925853785,0.005212729090317413,2000.0,2000.0
