bulk_corr,error,tot_seed,sample
0.19488514508181526,0.0008688405260222719,2000,64000
