ZL,error,Nseed,Nsample
0.03814061624429437,0.004589072689363494,2000.0,2000.0
