ZL,error,Nseed,Nsample
0.08641433427768669,0.004188213895902787,2000.0,2000.0
