ZL,error,Nseed,Nsample
-0.03849508172018855,0.0048901255871418884,2000.0,2000.0
