bulk_corr,error,tot_seed,sample
0.0077918707722874495,5.846122553347694e-05,2000,256000
