bulk_corr,error,tot_seed,sample
0.04777848562385005,0.00014899467359137954,2000,128000
