bulk_corr,error,tot_seed,sample
0.006100720090088025,5.281824964513982e-05,2000,256000
