corr_etoe,error,Nseed,Nsample
0.4721689921824531,0.016999313955370538,2000,2000
