corr_etoe,error,Nseed,Nsample
0.23514960134662802,0.012643753231838124,2000,1999
