corr_etoe,error,Nseed,Nsample
0.5445755365472844,0.025738281916499926,2000,2000
