corr_etoe,error,Nseed,Nsample
1.0694435039112502,0.02299315165538207,2000,2000
