bulk_corr,error,tot_seed,sample
0.004480455005588926,5.442297696016291e-05,2000,512000
