bulk_corr,error,tot_seed,sample
0.017868009340505833,7.260525193922344e-05,2000,512000
