corr_etoe,error,Nseed,Nsample
0.5394643391583606,0.013444998954883899,2000,2000
