corr_etoe,error,Nseed,Nsample
0.20684268850358875,0.008446573238531352,2000,2000
