corr_etoe,error,Nseed,Nsample
0.3424210850830916,0.010737946135988925,2000,2000
