corr_etoe,error,Nseed,Nsample
0.10975263133180596,0.006403266558041686,2000,2000
