corr_etoe,error,Nseed,Nsample
0.2188835742759744,0.00897000811305184,2000,2000
