corr_etoe,error,Nseed,Nsample
0.5521171046340069,0.013495030538661962,2000,2000
