corr_etoe,error,Nseed,Nsample
0.12278923300928041,0.006985591724445221,2000,2000
