corr_etoe,error,Nseed,Nsample
0.3731234915862233,0.011337456885852748,2000,2000
