bulk_corr,error,tot_seed,sample
0.21786753150445182,0.0008813258994451993,2000,64000
