bulk_corr,error,tot_seed,sample
3.969648012123024e-05,5.182722495708844e-06,2000,512000
