bulk_corr,error,tot_seed,sample
0.001716083492411271,1.3539272765725073e-05,2000,512000
