corr_etoe,error,Nseed,Nsample
1.2996643890616142,0.0387699338736612,2000,2000
