corr_etoe,error,Nseed,Nsample
0.5948578254855085,0.04183803160046866,2000,2000
