bulk_corr,error,tot_seed,sample
0.003757116938893078,2.250365291893801e-05,2000,256000
