bulk_corr,error,tot_seed,sample
0.08167313720955457,0.0003609715409053047,2000,128000
