bulk_corr,error,tot_seed,sample
0.2096018666950714,0.0008728159488610329,2000,64000
