corr_etoe,error,Nseed,Nsample
1.3765952967653337,0.032787042321042376,2000,2000
