corr_etoe,error,Nseed,Nsample
1.028149332188855,0.036059122756328436,2000,2000
