ZL,error,Nseed,Nsample
0.011576316818619118,0.004527406030072492,2000.0,2000.0
