ZL,error,Nseed,Nsample
0.07119004790925776,0.004822737038334932,2000.0,2000.0
