ZL,error,Nseed,Nsample
0.08997717122896587,0.005355461846414051,2000.0,2000.0
