ZL,error,Nseed,Nsample
0.08344154245262932,0.005172413744383516,2000.0,2000.0
