ZL,error,Nseed,Nsample
0.09417526957386593,0.00529472423901014,2000.0,2000.0
