bulk_corr,error,tot_seed,sample
0.00931024605937196,4.576173779646511e-05,2000,256000
