ZL,error,Nseed,Nsample
0.010313042833999987,0.00427674910501993,2000.0,2000.0
