bulk_corr,error,tot_seed,sample
0.01480312817499291,9.373893792477137e-05,2000,256000
