bulk_corr,error,tot_seed,sample
0.18044004512953662,0.00041212695662241547,2000,64000
