bulk_corr,error,tot_seed,sample
0.009073349091423046,4.76006475077778e-05,2000,512000
