ZL,error,Nseed,Nsample
-0.21669922828509786,0.005861113455949333,2000.0,2000.0
