ZL,error,Nseed,Nsample
-0.07339416901266349,0.005166274813295372,2000.0,2000.0
