ZL,error,Nseed,Nsample
-0.06327739067671305,0.00821101381435929,2000.0,2000.0
