ZL,error,Nseed,Nsample
0.1188892259499169,0.006515012755208499,2000.0,2000.0
