bulk_corr,error,tot_seed,sample
0.025039856093141445,9.303066551440354e-05,2000,128000
