ZL,error,Nseed,Nsample
-0.19580577309728722,0.010177571487452238,2000.0,2000.0
