ZL,error,Nseed,Nsample
-0.03648309757076038,0.007129414045437511,2000.0,2000.0
