ZL,error,Nseed,Nsample
-0.0056122956970509836,0.003024541105244581,2000.0,2000.0
