ZL,error,Nseed,Nsample
-0.014657579203503319,0.003625970639810231,2000.0,1974.0
