ZL,error,Nseed,Nsample
-0.012517919238819748,0.0033400114050714143,2000.0,1992.0
