ZL,error,Nseed,Nsample
0.0033259095314601985,0.002956191744467551,2000.0,2000.0
