corr_etoe,error,Nseed,Nsample
0.4316654764107923,0.013916571474158562,2000,2000
