corr_etoe,error,Nseed,Nsample
0.1292640065256639,0.007746093063660861,2000,2000
