corr_etoe,error,Nseed,Nsample
0.10914975306147313,0.010635610807760714,1600,750
