corr_etoe,error,Nseed,Nsample
0.24731354667472116,0.010311153786075656,2000,2000
