corr_etoe,error,Nseed,Nsample
0.05635365807282518,0.005427628765717217,2000,2000
