corr_etoe,error,Nseed,Nsample
0.2436880681370835,0.010601465992820924,2000,1850
