corr_etoe,error,Nseed,Nsample
0.0548081592199191,0.007266915209910723,1000,1000
