ZL,error,Nseed,Nsample
-0.006091988609357332,0.0031410833990598544,2000.0,1997.0
