ZL,error,Nseed,Nsample
0.0038909131404114288,0.0029140143768439705,2000.0,2000.0
