ZL,error,Nseed,Nsample
0.004175506927679051,0.0030085722442271096,2000.0,2000.0
