ZL,error,Nseed,Nsample
-0.00441027214344573,0.003512489935687189,2000.0,1984.0
