bulk_corr,error,tot_seed,sample
0.0725415276306083,0.00038266959549402316,2000,128000
