bulk_corr,error,tot_seed,sample
0.018731652143021173,6.897150078917251e-05,2000,256000
