corr_etoe,error,Nseed,Nsample
0.9348466589919895,0.026412639604131108,2000,2000
