corr_etoe,error,Nseed,Nsample
0.26120418794981637,0.02549731090326972,2000,2000
