corr_etoe,error,Nseed,Nsample
0.4447156058931061,0.02768651779932638,2000,2000
