ZL,error,Nseed,Nsample
-0.015399905597401193,0.0034224561620956545,2000.0,2000.0
