ZL,error,Nseed,Nsample
-0.14979933102798806,0.004895967666058529,2000.0,2000.0
