ZL,error,Nseed,Nsample
-0.12816952639039778,0.004516858928671904,2000.0,2000.0
