ZL,error,Nseed,Nsample
-0.15052440644965917,0.005092982725503511,2000.0,2000.0
