ZL,error,Nseed,Nsample
-0.12935054192237697,0.005456350868745677,2000.0,2000.0
