bulk_corr,error,tot_seed,sample
0.19213786175196745,0.0008848390854613944,2000,64000
