bulk_corr,error,tot_seed,sample
0.05358196523180229,0.00015956575017489073,2000,256000
