bulk_corr,error,tot_seed,sample
0.025434758895792428,9.517160222068105e-05,2000,256000
