bulk_corr,error,tot_seed,sample
0.1272777482223935,0.0003598527106619415,2000,128000
