bulk_corr,error,tot_seed,sample
0.005525782599149846,5.651320651973877e-05,2000,512000
