bulk_corr,error,tot_seed,sample
0.26219082784368725,0.0007740458737833842,2000,64000
