ZL,error,Nseed,Nsample
0.0005865968237087422,0.006771227417766347,2000.0,2000.0
