ZL,error,Nseed,Nsample
-0.216322846915226,0.007983234596160778,2000.0,2000.0
