ZL,error,Nseed,Nsample
0.015554336126085824,0.004953475067721964,2000.0,2000.0
