ZL,error,Nseed,Nsample
0.03094938955574883,0.005419206081727019,2000.0,2000.0
