ZL,error,Nseed,Nsample
0.022137607470599393,0.005453111609194246,2000.0,2000.0
