ZL,error,Nseed,Nsample
0.017658734202037903,0.005287679607473442,2000.0,2000.0
