bulk_corr,error,tot_seed,sample
0.030366023009961093,0.00016504308703469198,2000,256000
