corr_etoe,error,Nseed,Nsample
1.1557323108070061,0.011473823154863347,2000,2000
