corr_etoe,error,Nseed,Nsample
0.9245620032445819,0.015367167010019778,2000,2000
