corr_etoe,error,Nseed,Nsample
0.43813003864546834,0.017931337623008373,2000,2000
