ZL,error,Nseed,Nsample
-0.014800873168814727,0.005756753463217623,2000.0,1745.0
