ZL,error,Nseed,Nsample
0.8036431716262803,0.0046689441719650225,2000.0,2000.0
