ZL,error,Nseed,Nsample
0.7167683238993373,0.0036057249813367396,2000.0,2000.0
