ZL,error,Nseed,Nsample
0.572824715682999,0.003699862096705369,2000.0,2000.0
