ZL,error,Nseed,Nsample
0.3813300324897262,0.003888402391966101,2000.0,2000.0
