bulk_corr,error,tot_seed,sample
0.009041389119346772,5.3237759453981086e-05,2000,256000
