corr_etoe,error,Nseed,Nsample
1.8601406216109726,0.0354542861446434,1000,1000
