corr_etoe,error,Nseed,Nsample
1.440892483500759,0.04443884674642625,1000,1000
