bulk_corr,error,tot_seed,sample
0.00233618185087892,2.2190649627901758e-05,2000,512000
