corr_etoe,error,Nseed,Nsample
0.02054490830008781,0.005927930536106105,1000,1000
