corr_etoe,error,Nseed,Nsample
0.3078558225909305,0.01050549513918337,3000,3000
