corr_etoe,error,Nseed,Nsample
0.14461712246602101,0.007136044908595154,3000,3000
