corr_etoe,error,Nseed,Nsample
0.06812781512299931,0.006209094934658033,2000,2000
