ZL,error,Nseed,Nsample
-0.1368497901431759,0.006495545036737535,2000.0,2000.0
