ZL,error,Nseed,Nsample
0.049756287658803154,0.005693311420646106,2000.0,2000.0
