bulk_corr,error,tot_seed,sample
0.07148504803331485,0.0001904469725282875,2000,117586
