bulk_corr,error,tot_seed,sample
0.0967216251595479,0.0003335679137911853,2000,128000
