bulk_corr,error,tot_seed,sample
0.03816396555967314,0.00022534547534640718,1000,64000
