corr_etoe,error,Nseed,Nsample
0.27360156103899086,0.012216725969830538,2000,2000
