corr_etoe,error,Nseed,Nsample
0.6179523413768493,0.015496395755579092,2000,2000
