corr_etoe,error,Nseed,Nsample
0.48167632287148554,0.014636442535005192,2000,2000
