ZL,error,Nseed,Nsample
-0.009519365909027798,0.0034265617187916038,2000.0,1999.0
