ZL,error,Nseed,Nsample
-0.3808635849849758,0.0059701464458924505,2000.0,2000.0
