ZL,error,Nseed,Nsample
-0.19776329885070254,0.005563150859341505,2000.0,2000.0
