bulk_corr,error,tot_seed,sample
0.021657720531949354,7.654710378515614e-05,2000,256000
