bulk_corr,error,tot_seed,sample
0.010101709262607832,6.52669139358869e-05,2000,512000
