bulk_corr,error,tot_seed,sample
0.007417213722359344,5.81347839987146e-05,2000,512000
