ZL,error,Nseed,Nsample
0.10116763391165076,0.006817248039007051,2000.0,2000.0
