ZL,error,Nseed,Nsample
-0.3085633198776935,0.009432102038751168,2000.0,2000.0
