ZL,error,Nseed,Nsample
-0.10471827203999083,0.00858465171721068,2000.0,2000.0
