bulk_corr,error,tot_seed,sample
0.06530860729271966,0.0002915343351102391,2000,128000
