corr_etoe,error,Nseed,Nsample
0.5629615988599077,0.014160963423683913,2000,2000
