corr_etoe,error,Nseed,Nsample
0.7565600569679616,0.015667497103331103,2000,2000
