corr_etoe,error,Nseed,Nsample
0.24106361033359486,0.010874836847252498,2000,2000
