corr_etoe,error,Nseed,Nsample
0.1075269606766492,0.007169987684162376,2000,2000
