corr_etoe,error,Nseed,Nsample
0.39579401832209005,0.013401352277595905,2000,2000
