corr_etoe,error,Nseed,Nsample
0.04928578178202499,0.005212066741202079,2000,2000
