ZL,error,Nseed,Nsample
0.21206056169641735,0.0053894386064654845,2000.0,2000.0
