ZL,error,Nseed,Nsample
0.25637716661491416,0.008349320477594596,1000.0,1000.0
