ZL,error,Nseed,Nsample
0.2470082972600917,0.009034585488212744,1000.0,1000.0
