ZL,error,Nseed,Nsample
0.17315655210498204,0.004648124100145909,2000.0,2000.0
