ZL,error,Nseed,Nsample
0.4313195557808321,0.00810525749130935,2000.0,2000.0
