ZL,error,Nseed,Nsample
0.2496344707320734,0.006654683999097789,2000.0,2000.0
