ZL,error,Nseed,Nsample
0.16362448755251027,0.005705117275899464,2000.0,2000.0
