ZL,error,Nseed,Nsample
0.3402849437887503,0.007663858085457313,2000.0,2000.0
