bulk_corr,error,tot_seed,sample
0.01035705657109755,6.571563228570443e-05,2000,512000
