corr_etoe,error,Nseed,Nsample
0.3722394175969977,0.04326947528530744,2000,2000
