corr_etoe,error,Nseed,Nsample
0.7902045332692808,0.04482673063590173,2000,2000
