corr_etoe,error,Nseed,Nsample
0.034337495952820714,0.01659546414112634,2000,2000
