ZL,error,Nseed,Nsample
0.025880047439183863,0.0040789974039425045,2000.0,2000.0
