ZL,error,Nseed,Nsample
0.03487797861864342,0.004503574410407801,2000.0,2000.0
