bulk_corr,error,tot_seed,sample
0.04881789247093422,0.00018943223685907506,2000,128000
