bulk_corr,error,tot_seed,sample
0.003499743873154423,2.008916447436264e-05,2000,512000
