bulk_corr,error,tot_seed,sample
0.012706804722320926,7.39004672751447e-05,2000,256000
