bulk_corr,error,tot_seed,sample
0.0801112581646824,0.0003972394265041607,2000,128000
