bulk_corr,error,tot_seed,sample
0.2006784508179614,0.0005011361161209411,2000,64000
