bulk_corr,error,tot_seed,sample
0.07541124573287564,0.00038781364809846295,2000,128000
