bulk_corr,error,tot_seed,sample
0.024277777279589574,0.00011250038814747054,2000,256000
