bulk_corr,error,tot_seed,sample
0.04765453648425575,0.00025995283740293647,2000,128000
