bulk_corr,error,tot_seed,sample
0.004815135287459585,5.227844730881024e-05,2000,512000
