bulk_corr,error,tot_seed,sample
0.0008516595442039702,1.0151859096526424e-05,2000,512000
