ZL,error,Nseed,Nsample
0.020036314023547424,0.013937587160114865,2000.0,2000.0
