ZL,error,Nseed,Nsample
0.2117021072247088,0.00674745843351753,2000.0,2000.0
