ZL,error,Nseed,Nsample
-0.034411031194854294,0.016482450356883015,2000.0,2000.0
