ZL,error,Nseed,Nsample
0.12052288414631002,0.010398613572228335,2000.0,2000.0
