ZL,error,Nseed,Nsample
-0.054690583581488435,0.004659379473448754,2000.0,2000.0
