ZL,error,Nseed,Nsample
0.05014148180109207,0.00398832021680094,2000.0,2000.0
