ZL,error,Nseed,Nsample
-0.010892280260042029,0.004303912815889996,2000.0,2000.0
