bulk_corr,error,tot_seed,sample
0.08319723631646965,0.0003985002694782486,2000,128000
