bulk_corr,error,tot_seed,sample
0.14268491377859985,0.00036711748218373237,2000,128000
