corr_etoe,error,Nseed,Nsample
0.38398353115504513,0.013096723517534426,2000,2000
