corr_etoe,error,Nseed,Nsample
0.1225042562004286,0.007539727535322858,2000,2000
