corr_etoe,error,Nseed,Nsample
0.22192808224963134,0.01002998638415713,2000,2000
