corr_etoe,error,Nseed,Nsample
0.046125447476193016,0.005096400867318169,2000,2000
