bulk_corr,error,tot_seed,sample
0.05795116201169077,0.00023820099952290717,2000,128000
