ZL,error,Nseed,Nsample
0.4580704174079444,0.003342671965123951,2000.0,2000.0
