ZL,error,Nseed,Nsample
0.5953906855303772,0.003591519110639322,2000.0,2000.0
