ZL,error,Nseed,Nsample
0.7691817893473655,0.005796531903006319,2000.0,2000.0
