ZL,error,Nseed,Nsample
0.7076616504590989,0.004034355836568723,2000.0,2000.0
