ZL,error,Nseed,Nsample
0.0021377988604849695,0.006557063112654438,2000.0,2000.0
