ZL,error,Nseed,Nsample
-0.2164517242555831,0.007712770147512738,2000.0,2000.0
