bulk_corr,error,tot_seed,sample
0.1786645893742446,0.0003395889667885877,2000,64000
