bulk_corr,error,tot_seed,sample
0.2816484918553354,0.000767528350849391,2000,64000
