bulk_corr,error,tot_seed,sample
0.05923782796500542,0.00020421137956982058,2000,128000
