bulk_corr,error,tot_seed,sample
0.04469347612394578,0.00021710082028606462,2000,128000
