bulk_corr,error,tot_seed,sample
0.05239014851635049,0.00015815845445988415,2000,128000
