corr_etoe,error,Nseed,Nsample
0.7459335209333552,0.04050389124391612,2000,2000
