corr_etoe,error,Nseed,Nsample
1.4906975929066881,0.035237320369427096,2000,2000
