bulk_corr,error,tot_seed,sample
0.08510986415929335,0.00039171995503361513,2000,128000
