ZL,error,Nseed,Nsample
0.02751131031645979,0.0035250806933905007,2000.0,2000.0
