ZL,error,Nseed,Nsample
-0.025484367460880068,0.004030301041300104,2000.0,1999.0
