ZL,error,Nseed,Nsample
0.00582002094870064,0.003709521218082011,2000.0,2000.0
