bulk_corr,error,tot_seed,sample
0.06967374455150277,0.00036928846574869916,2000,128000
