ZL,error,Nseed,Nsample
-0.030844313349819852,0.004903133492023081,2000.0,2000.0
