bulk_corr,error,tot_seed,sample
-6.358250529864655e-05,2.4128707046904448e-06,2000,512000
