corr_etoe,error,Nseed,Nsample
0.0800555845175044,0.005722757621749001,2000,2000
