corr_etoe,error,Nseed,Nsample
0.2676387549042186,0.01101737438906264,2000,2000
