corr_etoe,error,Nseed,Nsample
0.4526789102522199,0.013012191860848076,2000,2000
