corr_etoe,error,Nseed,Nsample
0.1401247728071578,0.007971545286903886,2000,2000
