corr_etoe,error,Nseed,Nsample
0.09226293877474274,0.007542674937572186,2000,2000
