corr_etoe,error,Nseed,Nsample
0.026892932975953684,0.005044348241516787,1000,1000
