corr_etoe,error,Nseed,Nsample
0.3105877859529522,0.010235226464538075,3000,3000
