corr_etoe,error,Nseed,Nsample
0.17003695220036474,0.007963448553957933,3000,3000
