corr_etoe,error,Nseed,Nsample
1.7320933337073414,0.041932833135178454,1000,1000
