corr_etoe,error,Nseed,Nsample
1.1857026638470816,0.05064389554127599,1000,1000
