corr_etoe,error,Nseed,Nsample
0.700988150284474,0.012490704555054903,2000,2000
