corr_etoe,error,Nseed,Nsample
0.8720193022372243,0.012216835519510796,2000,2000
