bulk_corr,error,tot_seed,sample
0.18615432956526534,0.0008853174427665558,2000,64000
