bulk_corr,error,tot_seed,sample
0.0014075590473793358,1.228042381905043e-05,2000,512000
