corr_etoe,error,Nseed,Nsample
1.118325854202891,0.03711247876426742,2000,2000
