corr_etoe,error,Nseed,Nsample
1.5911881880194434,0.031586011889861335,2000,2000
