bulk_corr,error,tot_seed,sample
0.005368572391610075,5.484012975051896e-05,2000,512000
