bulk_corr,error,tot_seed,sample
0.07476191802457807,0.00019404358578553572,2000,128000
