corr_etoe,error,Nseed,Nsample
1.4876125250138745,0.015021561758437904,2000,2000
