corr_etoe,error,Nseed,Nsample
1.2340522364834623,0.020300108223711744,2000,2000
