corr_etoe,error,Nseed,Nsample
0.7393015404038615,0.024861879560180357,2000,2000
