ZL,error,Nseed,Nsample
-0.020408179659441462,0.005021843850427943,2000.0,2000.0
