ZL,error,Nseed,Nsample
-0.12113990769450306,0.00940661815206848,1000.0,1000.0
