ZL,error,Nseed,Nsample
0.1538697298003695,0.004768779074673376,2000.0,2000.0
