ZL,error,Nseed,Nsample
-0.2789951331868308,0.009709672708323286,1000.0,1000.0
