ZL,error,Nseed,Nsample
0.05396744349416168,0.006148867328057993,2000.0,2000.0
