corr_etoe,error,Nseed,Nsample
0.7147380430343113,0.031647518894360994,2000,2000
