corr_etoe,error,Nseed,Nsample
1.3921185582961475,0.02651880380209419,2000,2000
