bulk_corr,error,tot_seed,sample
0.005503726002025693,3.818636032811396e-05,2000,512000
