ZL,error,Nseed,Nsample
0.006280860973154118,0.004379873614852978,2000.0,2000.0
