ZL,error,Nseed,Nsample
0.001224199004653528,0.0036640839342923317,2000.0,2000.0
