bulk_corr,error,tot_seed,sample
0.02806698266387345,9.813374792906913e-05,2000,256000
