ZL,error,Nseed,Nsample
0.0719849085766956,0.005271350335749492,2000.0,2000.0
