ZL,error,Nseed,Nsample
0.0773489473272969,0.005364301147938926,2000.0,2000.0
