ZL,error,Nseed,Nsample
0.05787314316224746,0.005232154337188698,2000.0,2000.0
