ZL,error,Nseed,Nsample
0.06246262933063974,0.0047920542968326865,2000.0,2000.0
