bulk_corr,error,tot_seed,sample
0.0068831234587161776,9.312274494078947e-05,2000,128000
