ZL,error,Nseed,Nsample
0.40884615496237026,0.012629013422642615,2000.0,2000.0
