ZL,error,Nseed,Nsample
0.4625811799105207,0.007509131216506923,2000.0,2000.0
