ZL,error,Nseed,Nsample
0.4430050549226866,0.010300903644939506,2000.0,2000.0
