ZL,error,Nseed,Nsample
0.42943322549835117,0.005192285705530968,2000.0,2000.0
