ZL,error,Nseed,Nsample
-0.24123245319266026,0.009784433529800265,2000.0,2000.0
