ZL,error,Nseed,Nsample
-0.038037470020169946,0.008713632545009457,2000.0,2000.0
