bulk_corr,error,tot_seed,sample
0.06422204714378602,0.00018749814279726842,2000,128000
