bulk_corr,error,tot_seed,sample
0.25734785260983895,0.0007756502616504046,2000,64000
