bulk_corr,error,tot_seed,sample
0.018567708200080406,8.4234899456484e-05,2000,256000
