corr_etoe,error,Nseed,Nsample
0.3120759159354477,0.012426458575283957,2000,2000
