corr_etoe,error,Nseed,Nsample
0.08490899900028219,0.009655605051929533,1000,1000
