corr_etoe,error,Nseed,Nsample
0.2106537380531396,0.015138615282035086,1000,1000
