ZL,error,Nseed,Nsample
-0.21545811651745467,0.0056476683209472365,2000.0,2000.0
