ZL,error,Nseed,Nsample
-0.6872266662732559,0.01104829578238079,1000.0,1000.0
