ZL,error,Nseed,Nsample
-0.608075483918463,0.008522364892756332,1000.0,1000.0
