ZL,error,Nseed,Nsample
-0.44096057702877206,0.0054161176313068824,2000.0,2000.0
