corr_etoe,error,Nseed,Nsample
0.4844150076635684,0.013636577427684645,2000,2000
