corr_etoe,error,Nseed,Nsample
0.20896584566929063,0.01049406106910922,2000,2000
