corr_etoe,error,Nseed,Nsample
0.3606073002978218,0.012663228052344735,2000,2000
