ZL,error,Nseed,Nsample
-0.16866874589596392,0.005795655778072879,2000.0,2000.0
