ZL,error,Nseed,Nsample
-0.02811993120980993,0.004228440842659941,2000.0,2000.0
