ZL,error,Nseed,Nsample
-0.22415191937520537,0.006956299365468592,2000.0,1986.0
