ZL,error,Nseed,Nsample
-0.1040548774148192,0.004884264785437757,2000.0,2000.0
