corr_etoe,error,Nseed,Nsample
0.4502736648156185,0.016210419312829745,2000,2000
