corr_etoe,error,Nseed,Nsample
0.08327950074157632,0.007446080326154283,2000,2000
