corr_etoe,error,Nseed,Nsample
0.23764348236003763,0.012055713916150025,2000,2000
