bulk_corr,error,tot_seed,sample
0.22499677755322414,0.0006395944434278036,2000,64000
