bulk_corr,error,tot_seed,sample
0.09677692173908574,0.0003984251044258218,2000,128000
