corr_etoe,error,Nseed,Nsample
0.02186425801836463,0.0055167584202412655,1000,999
