corr_etoe,error,Nseed,Nsample
0.27535853094526186,0.010453552185717424,3000,3000
