corr_etoe,error,Nseed,Nsample
0.06175111724362706,0.006225671510244422,2000,1999
