corr_etoe,error,Nseed,Nsample
0.12687254873971296,0.006926840914464399,3000,3000
