bulk_corr,error,tot_seed,sample
0.0038092615765393293,2.210221253929668e-05,2000,512000
