bulk_corr,error,tot_seed,sample
0.0131871928813718,6.827012327270617e-05,2000,512000
