ZL,error,Nseed,Nsample
-0.004602756595523538,0.0038002943917935022,2000.0,2000.0
