corr_etoe,error,Nseed,Nsample
0.22190106891090414,0.009342291547915915,2000,2000
