corr_etoe,error,Nseed,Nsample
0.10647994198713366,0.006455775515761811,2000,2000
