corr_etoe,error,Nseed,Nsample
0.35227009926816716,0.011136248621365075,2000,2000
