corr_etoe,error,Nseed,Nsample
0.5119877772312805,0.013390797424751558,2000,2000
